"SAMPLE_1","gene","mut_flag","source1","info1.VAR","info1.GT_1","info1.GT_2","info1.GT_3","source2","info2.VAR","info2.GT_1","info2.GT_2","info2.GT_3"
"GHARRHDY18uuP2010xx1","'ACTR5'","CH","father",chr20:38748818-G-A,'0/1','0/0','0/1',"mother",chr20:38755991-C-T,'0/1','0/1','0/0'
"GHARRHDY18uuUROGE149xx1","'ADAM33'","CH","mother",chr20:3671031-A-C,'0/1','0/1','0/0',"father",chr20:3672576-C-T,'0/1','0/0','0/1'
"DDDP118180","'AL035461.3'","CH","mother",chr20:5963339-G-A,'0/1','0/1','0/0',"father",chr20:6031358-T-G,'0/1','0/0','0/1'
"GHARRHDY18uuUROME108xx1","'ANKRD60'","CH","mother",chr20:58218658-A-G,'0/1','0/1','0/0',"father",chr20:58218668-G-A,'0/1','0/0','0/1'
"GHARRHDY18uuUROME108xx1","'ANKRD60'","CH","mother",chr20:58221467-G-A,'0/1','0/1','0/0',"father",chr20:58218668-G-A,'0/1','0/0','0/1'
"GHARRHDY18uuUROME108xx1","'ANKRD60'","CH","mother",chr20:58223134-C-T,'0/1','0/1','0/0',"father",chr20:58218668-G-A,'0/1','0/0','0/1'
"DDDP111704","'BPIFB3'","CH","father",chr20:33055549-T-C,'0/1','0/0','0/1',"mother",chr20:33064509-G-C,'0/1','0/1','0/0'
"GHARRHDY18uuP2713xx1","'BPIFB6'","CH","mother",chr20:33031709-G-A,'0/1','0/1','0/0',"father",chr20:33039470-G-A,'0/1','0/0','0/1'
"GHARRHDY16uuTxx1486","'CASS4'","CH","father",chr20:56437405-G-A,'0/1','0/0','0/1',"mother",chr20:56452231-TC-T,'0/1','0/1','0/0'
"DDDP112320","'CDH22'","CH","mother",chr20:46216899-A-C,'0/1','0/1','0/0',"father",chr20:46216908-A-C,'0/1','0/0','0/1'
"DDDP128655","'CDH26'","CH","mother",chr20:60001377-A-G,'0/1','0/1','0/0',"father",chr20:60001394-T-G,'0/1','0/0','0/1'
"GHARRHDY18uuUROGE332xx1","'CDH26'","CH","father",chr20:59992437-T-C,'0/1','0/0','0/1',"mother",chr20:60001394-T-G,'0/1','0/1','0/0'
"GHART837","'CDH26'","CH","mother",chr20:59970142-C-A,'0/1','0/1','0/0',"father",chr20:59995871-C-T,'0/1','0/0','0/1'
"DDDP120380","'CDH4'","CH","mother",chr20:61873882-G-A,'0/1','0/1','0/0',"father",chr20:61928419-G-C,'0/1','0/0','0/1'
"GHARRHDY18uuUROME088xx1","'CEP250'","CH","mother",chr20:35479389-C-T,'0/1','0/1','0/0',"father",chr20:35511488-C-T,'0/1','0/0','0/1'
"DDDP130113","'CHD6'","CH","father",chr20:41420939-T-A,'0/1','0/0','0/1',"mother",chr20:41425223-C-T,'0/1','0/1','0/0'
"GHARRHDY16uuP1969xx1","'CHD6'","CH","father",chr20:41420946-T-C,'0/1','0/0','0/1',"mother",chr20:41440119-C-T,'0/1','0/1','0/0'
"GHARRHDY16uuP1969xx1","'CHD6'","CH","father",chr20:41421233-T-C,'0/1','0/0','0/1',"mother",chr20:41440119-C-T,'0/1','0/1','0/0'
"GHARRHDY16uuP1969xx1","'CHD6'","CH","father",chr20:41421674-G-A,'0/1','0/0','0/1',"mother",chr20:41440119-C-T,'0/1','0/1','0/0'
"GHARRHDY18uuUROGE009xx1","'CHD6'","CH","mother",chr20:41420939-T-A,'0/1','0/1','0/0',"father",chr20:41425295-C-T,'0/1','0/0','0/1'
"GHARRHDY18uuUROGE277xx1","'CHD6'","CH","mother",chr20:41420980-C-T,'0/1','0/1','0/0',"father",chr20:41421058-C-T,'0/1','0/0','0/1'
"GHART1630","'CHD6'","CH","mother",chr20:41420810-T-A,'0/1','0/1','0/0',"father",chr20:41445729-C-T,'0/1','0/0','0/1'
"GHART1630","'CHD6'","CH","mother",chr20:41420810-T-A,'0/1','0/1','0/0',"father",chr20:41533340-T-A,'0/1','0/0','0/1'
"DDDP123536","'CHGB'","CH","father",chr20:5916350-A-G,'0/1','0/0','0/1',"mother",chr20:5922423-G-A,'0/1','0/1','0/0'
"GHARRHDY16uuCRM003xx1","'CST5'","CH","unknown",chr20:23877585-TCACA-T,'0/1','0/0','0/0',"father",chr20:23877607-C-CGGCGA,'0/1','0/0','0/1'
"GHARRHDY16uuCRM003xx1","'CST5'","CH","unknown",chr20:23877585-TCACA-T,'0/1','0/0','0/0',"father",chr20:23877613-C-G,'0/1','0/0','0/1'
"GHARRHDY16uuCRM003xx1","'CST5'","CH","unknown",chr20:23877590-T-TTTTTTTTTTAA,'0/1','0/0','0/0',"father",chr20:23877607-C-CGGCGA,'0/1','0/0','0/1'
"GHARRHDY16uuCRM003xx1","'CST5'","CH","unknown",chr20:23877590-T-TTTTTTTTTTAA,'0/1','0/0','0/0',"father",chr20:23877613-C-G,'0/1','0/0','0/1'
"GHARRHDY16uuCRM003xx1","'CST5'","CH","unknown",chr20:23877593-AAG-A,'0/1','0/0','0/0',"father",chr20:23877607-C-CGGCGA,'0/1','0/0','0/1'
"GHARRHDY16uuCRM003xx1","'CST5'","CH","unknown",chr20:23877593-AAG-A,'0/1','0/0','0/0',"father",chr20:23877613-C-G,'0/1','0/0','0/1'
"GHARRHDY16uuCRM003xx1","'CST5'","CH","unknown",chr20:23877597-AGTAGTTCAC-A,'0/1','0/0','0/0',"father",chr20:23877607-C-CGGCGA,'0/1','0/0','0/1'
"GHARRHDY16uuCRM003xx1","'CST5'","CH","unknown",chr20:23877597-AGTAGTTCAC-A,'0/1','0/0','0/0',"father",chr20:23877613-C-G,'0/1','0/0','0/1'
"GHARRHDY16uuCRM003xx1","'CST5'","CH","unknown",chr20:23877585-TCACA-T,'0/1','0/0','0/0',"mother",chr20:23877614-AC-A,'0/1','0/1','0/0'
"GHARRHDY16uuCRM003xx1","'CST5'","CH","unknown",chr20:23877590-T-TTTTTTTTTTAA,'0/1','0/0','0/0',"mother",chr20:23877614-AC-A,'0/1','0/1','0/0'
"GHARRHDY16uuCRM003xx1","'CST5'","CH","unknown",chr20:23877593-AAG-A,'0/1','0/0','0/0',"mother",chr20:23877614-AC-A,'0/1','0/1','0/0'
"GHARRHDY16uuCRM003xx1","'CST5'","CH","unknown",chr20:23877597-AGTAGTTCAC-A,'0/1','0/0','0/0',"mother",chr20:23877614-AC-A,'0/1','0/1','0/0'
"GHARRHDY16uuCRM003xx1","'CST5'","CH","father",chr20:23877607-C-CGGCGA,'0/1','0/0','0/1',"mother",chr20:23877614-AC-A,'0/1','0/1','0/0'
"GHARRHDY16uuCRM003xx1","'CST5'","CH","father",chr20:23877613-C-G,'0/1','0/0','0/1',"mother",chr20:23877614-AC-A,'0/1','0/1','0/0'
"DDDP123356","'DHX35'","CH","mother",chr20:38992409-T-C,'0/1','0/1','0/0',"father",chr20:39001837-A-T,'0/1','0/0','0/1'
"GHARRHDY18uuUROGE018xx1","'DHX35'","CH","mother",chr20:39001837-A-T,'0/1','0/1','0/0',"father",chr20:39014896-C-T,'0/1','0/0','0/1'
"DDDP112348","'DIDO1'","CH","father",chr20:62881335-A-G,'0/1','0/0','0/1',"mother",chr20:62891000-C-G,'0/1','0/1','0/0'
"GHARRHDY18uuUROPR0149xx1","'DIDO1'","CH","mother",chr20:62880101-G-C,'0/1','0/1','0/0',"father",chr20:62910887-C-T,'0/1','0/0','0/1'
"GHARt494","'DIDO1'","CH","mother",chr20:62893940-G-A,'0/1','0/1','0/0',"father",chr20:62896738-G-A,'0/1','0/0','0/1'
"GHARt2461","'DLGAP4'","CH","father",chr20:36432063-C-T,'0/1','0/0','0/1',"mother",chr20:36439805-G-A,'0/1','0/1','0/0'
"GHARUROPR3631","'DNAJC5'","CH","father",chr20:63928397-C-G,'0/1','0/0','0/1',"mother",chr20:63930976-C-T,'0/1','0/1','0/0'
"GHARCAKUTI17uuM15351","'ELMO2'","CH","father",chr20:46374572-C-T,'0/1','0/0','0/1',"mother",chr20:46375338-C-T,'0/1','0/1','0/0'
"DDDP103765","'EPB41L1'","CH","mother",chr20:36198013-C-G,'0/1','0/1','0/0',"father",chr20:36209879-C-T,'0/1','0/0','0/1'
"GHARRHDY18uuUROGE149xx1","'EYA2'","CH","father",chr20:47005063-G-A,'0/1','0/0','0/1',"mother",chr20:47016258-T-C,'0/1','0/1','0/0'
"GHARRHDY16uuUROPR376xx1","'FAM209A'","CH","mother",chr20:56524899-G-A,'0/1','0/1','0/0',"father",chr20:56525963-A-G,'0/1','0/0','0/1'
"GHARRHDY18uuMCD598xx1","'FAM209B'","CH","unknown",chr20:56533450-C-CAATA,'0/1','0/0','0/0',"father",chr20:56533451-CGTGT-C,'0/1','0/0','0/1'
"GHARRHDY18uuMCD598xx1","'FAM209B'","CH","unknown",chr20:56533450-C-CAATA,'0/1','0/0','0/0',"mother",chr20:56533482-C-T,'0/1','0/1','0/0'
"GHARRHDY18uuMCD598xx1","'FAM209B'","CH","father",chr20:56533451-CGTGT-C,'0/1','0/0','0/1',"mother",chr20:56533482-C-T,'0/1','0/1','0/0'
"DDDP120133","'HELZ2'","CH","father",chr20:63562951-C-T,'0/1','0/0','0/1',"mother",chr20:63564667-C-T,'0/1','0/1','0/0'
"DDDP122105","'HELZ2'","CH","father",chr20:63561415-C-T,'0/1','0/0','0/1',"mother",chr20:63562658-C-T,'0/1','0/1','0/0'
"DDDP126063","'HELZ2'","CH","father",chr20:63559288-G-A,'0/1','0/0','0/1',"mother",chr20:63561929-G-C,'0/1','0/1','0/0'
"DDDP126063","'HELZ2'","CH","father",chr20:63562859-C-A,'0/1','0/0','0/1',"mother",chr20:63561929-G-C,'0/1','0/1','0/0'
"GHARRHDY16uuCRM080xx1","'HELZ2'","CH","mother",chr20:63563500-G-T,'0/1','0/1','0/0',"father",chr20:63564929-C-T,'0/1','0/0','0/1'
"GHARRHDY16uuCRM114xx1","'HELZ2'","CH","mother",chr20:63559288-G-A,'0/1','0/1','0/0',"father",chr20:63562885-C-T,'0/1','0/0','0/1'
"GHARRHDY18uuUROGE040xx1","'HELZ2'","CH","father",chr20:63564598-C-T,'0/1','0/0','0/1',"mother",chr20:63564829-G-A,'0/1','0/1','0/0'
"GHARRHDY18uuUROGE198xx1","'HELZ2'","CH","father",chr20:63562825-G-A,'0/1','0/0','0/1',"mother",chr20:63568912-G-A,'0/1','0/1','0/0'
"GHARRHDY18uuUROGE198xx1","'HELZ2'","CH","father",chr20:63565971-C-A,'0/1','0/0','0/1',"mother",chr20:63568912-G-A,'0/1','0/1','0/0'
"GHARRHDY18uuUROPR0149xx1","'HELZ2'","CH","father",chr20:63559277-C-T,'0/1','0/0','0/1',"mother",chr20:63564312-C-T,'0/1','0/1','0/0'
"GHARRHDY18uuUROPR0370xx1","'HELZ2'","CH","mother",chr20:63559277-C-T,'0/1','0/1','0/0',"father",chr20:63564667-C-T,'0/1','0/0','0/1'
"GHART877","'HELZ2'","CH","mother",chr20:63561616-G-A,'0/1','0/1','0/0',"father",chr20:63567232-G-T,'0/1','0/0','0/1'
"GHARRHDY16uuCRM003xx1","'HRH3'","CH","mother",chr20:62216129-C-T,'0/1','0/1','0/0',"father",chr20:62216810-G-A,'0/1','0/0','0/1'
"GHARRHDY16uuCRM003xx1","'HRH3'","CH","mother",chr20:62216545-C-G,'0/1','0/1','0/0',"father",chr20:62216810-G-A,'0/1','0/0','0/1'
"DDDP114601","'ISM1'","CH","father",chr20:13270669-T-C,'0/1','0/0','0/1',"mother",chr20:13270688-C-T,'0/1','0/1','0/0'
"GHARRHDY16uuT22xx69","'ISM1'","CH","mother",chr20:13270669-T-C,'0/1','0/1','0/0',"father",chr20:13270678-C-T,'0/1','0/0','0/1'
"DDDP125681","'JAG1'","CH","father",chr20:10641598-G-A,'0/1','0/0','0/1',"mother",chr20:10648649-T-G,'0/1','0/1','0/0'
"GHARRHDY18uuP1268xx1","'KAT14'","CH","father",chr20:18181761-T-A,'0/1','0/0','0/1',"mother",chr20:18181837-C-G,'0/1','0/1','0/0'
"DDDP124811","'KIAA1755'","CH","father",chr20:38213042-C-A,'0/1','0/0','0/1',"mother",chr20:38213684-G-A,'0/1','0/1','0/0'
"DDDP108147","'LAMA5'","CH","mother",chr20:62316930-G-C,'0/1','0/1','0/0',"father",chr20:62317363-A-G,'0/1','0/0','0/1'
"DDDP109286","'LAMA5'","CH","father",chr20:62314329-G-T,'0/1','0/0','0/1',"mother",chr20:62317394-C-T,'0/1','0/1','0/0'
"DDDP113662","'LAMA5'","CH","father",chr20:62310952-G-A,'0/1','0/0','0/1',"mother",chr20:62317489-C-T,'0/1','0/1','0/0'
"DDDP115287","'LAMA5'","CH","father",chr20:62320650-A-C,'0/1','0/0','0/1',"mother",chr20:62326876-C-T,'0/1','0/1','0/0'
"DDDP115846","'LAMA5'","CH","mother",chr20:62314904-C-G,'0/1','0/1','0/0',"father",chr20:62317489-C-T,'0/1','0/0','0/1'
"DDDP115846","'LAMA5'","CH","mother",chr20:62335068-T-G,'0/1','0/1','0/0',"father",chr20:62317489-C-T,'0/1','0/0','0/1'
"DDDP115846","'LAMA5'","CH","mother",chr20:62337705-G-C,'0/1','0/1','0/0',"father",chr20:62317489-C-T,'0/1','0/0','0/1'
"DDDP116896","'LAMA5'","CH","mother",chr20:62322390-G-A,'0/1','0/1','0/0',"father",chr20:62323598-G-A,'0/1','0/0','0/1'
"DDDP116896","'LAMA5'","CH","mother",chr20:62322390-G-A,'0/1','0/1','0/0',"father",chr20:62326706-C-T,'0/1','0/0','0/1'
"DDDP116896","'LAMA5'","CH","mother",chr20:62322390-G-A,'0/1','0/1','0/0',"father",chr20:62327346-G-A,'0/1','0/0','0/1'
"DDDP120133","'LAMA5'","CH","mother",chr20:62317489-C-T,'0/1','0/1','0/0',"father",chr20:62322315-G-A,'0/1','0/0','0/1'
"DDDP121884","'LAMA5'","CH","father",chr20:62324140-C-T,'0/1','0/0','0/1',"mother",chr20:62328980-T-A,'0/1','0/1','0/0'
"DDDP123536","'LAMA5'","CH","mother",chr20:62317482-G-A,'0/1','0/1','0/0',"father",chr20:62319784-G-A,'0/1','0/0','0/1'
"DDDP123536","'LAMA5'","CH","mother",chr20:62317482-G-A,'0/1','0/1','0/0',"father",chr20:62327310-G-A,'0/1','0/0','0/1'
"DDDP123609","'LAMA5'","CH","mother",chr20:62309771-G-A,'0/1','0/1','0/0',"father",chr20:62317482-G-A,'0/1','0/0','0/1'
"DDDP123609","'LAMA5'","CH","mother",chr20:62310306-G-A,'0/1','0/1','0/0',"father",chr20:62317482-G-A,'0/1','0/0','0/1'
"DDDP123609","'LAMA5'","CH","mother",chr20:62311022-G-A,'0/1','0/1','0/0',"father",chr20:62317482-G-A,'0/1','0/0','0/1'
"DDDP123609","'LAMA5'","CH","mother",chr20:62311964-G-A,'0/1','0/1','0/0',"father",chr20:62317482-G-A,'0/1','0/0','0/1'
"DDDP123609","'LAMA5'","CH","mother",chr20:62312183-C-T,'0/1','0/1','0/0',"father",chr20:62317482-G-A,'0/1','0/0','0/1'
"DDDP123609","'LAMA5'","CH","mother",chr20:62322147-C-T,'0/1','0/1','0/0',"father",chr20:62317482-G-A,'0/1','0/0','0/1'
"DDDP123609","'LAMA5'","CH","mother",chr20:62323664-C-T,'0/1','0/1','0/0',"father",chr20:62317482-G-A,'0/1','0/0','0/1'
"GHARCAUDC17uuT17xx17","'LAMA5'","CH","father",chr20:62313211-G-A,'0/1','0/0','0/1',"mother",chr20:62314329-G-T,'0/1','0/1','0/0'
"GHARcrm0131","'LAMA5'","CH","mother",chr20:62323598-G-A,'0/1','0/1','0/0',"father",chr20:62328318-A-G,'0/1','0/0','0/1'
"GHARcrm0131","'LAMA5'","CH","mother",chr20:62326706-C-T,'0/1','0/1','0/0',"father",chr20:62328318-A-G,'0/1','0/0','0/1'
"GHARMALFI16uuM14171","'LAMA5'","CH","father",chr20:62314329-G-T,'0/1','0/0','0/1',"mother",chr20:62338264-G-A,'0/1','0/1','0/0'
"GHARp10271","'LAMA5'","CH","father",chr20:62316689-G-T,'0/1','0/0','0/1',"mother",chr20:62335068-T-G,'0/1','0/1','0/0'
"GHARRHDY16uuCRM003xx1","'LAMA5'","CH","mother",chr20:62313454-G-A,'0/1','0/1','0/0',"father",chr20:62318579-C-T,'0/1','0/0','0/1'
"GHARRHDY16uuCRM010xx1","'LAMA5'","CH","mother",chr20:62323598-G-A,'0/1','0/1','0/0',"father",chr20:62332625-G-A,'0/1','0/0','0/1'
"GHARRHDY16uuCRM010xx1","'LAMA5'","CH","mother",chr20:62326706-C-T,'0/1','0/1','0/0',"father",chr20:62332625-G-A,'0/1','0/0','0/1'
"GHARRHDY16uuCRM010xx1","'LAMA5'","CH","mother",chr20:62327346-G-A,'0/1','0/1','0/0',"father",chr20:62332625-G-A,'0/1','0/0','0/1'
"GHARRHDY16uuP2176xx1","'LAMA5'","CH","mother",chr20:62323835-C-T,'0/1','0/1','0/0',"father",chr20:62337659-G-A,'0/1','0/0','0/1'
"GHARRHDY16uuT19xx23","'LAMA5'","CH","father",chr20:62313454-G-A,'0/1','0/0','0/1',"mother",chr20:62333195-G-A,'0/1','0/1','0/0'
"GHARRHDY16uuT19xx23","'LAMA5'","CH","father",chr20:62367037-G-T,'0/1','0/0','0/1',"mother",chr20:62333195-G-A,'0/1','0/1','0/0'
"GHARRHDY16uuT19xx23","'LAMA5'","CH","father",chr20:62367038-C-T,'0/1','0/0','0/1',"mother",chr20:62333195-G-A,'0/1','0/1','0/0'
"GHARRHDY16uuUROCA030xx1","'LAMA5'","CH","father",chr20:62317394-C-T,'0/1','0/0','0/1',"mother",chr20:62329805-C-T,'0/1','0/1','0/0'
"GHARRHDY18uuP1268xx1","'LAMA5'","CH","mother",chr20:62309771-G-A,'0/1','0/1','0/0',"father",chr20:62318579-C-T,'0/1','0/0','0/1'
"GHARRHDY18uuP1268xx1","'LAMA5'","CH","mother",chr20:62311022-G-A,'0/1','0/1','0/0',"father",chr20:62318579-C-T,'0/1','0/0','0/1'
"GHARRHDY18uuP1268xx1","'LAMA5'","CH","mother",chr20:62311964-G-A,'0/1','0/1','0/0',"father",chr20:62318579-C-T,'0/1','0/0','0/1'
"GHARRHDY18uuP1268xx1","'LAMA5'","CH","mother",chr20:62312183-C-T,'0/1','0/1','0/0',"father",chr20:62318579-C-T,'0/1','0/0','0/1'
"GHARRHDY18uuP1268xx1","'LAMA5'","CH","mother",chr20:62323664-C-T,'0/1','0/1','0/0',"father",chr20:62318579-C-T,'0/1','0/0','0/1'
"GHARRHDY18uuP2010xx1","'LAMA5'","CH","mother",chr20:62319784-G-A,'0/1','0/1','0/0',"father",chr20:62323598-G-A,'0/1','0/0','0/1'
"GHARRHDY18uuP2010xx1","'LAMA5'","CH","mother",chr20:62327310-G-A,'0/1','0/1','0/0',"father",chr20:62323598-G-A,'0/1','0/0','0/1'
"GHARRHDY18uuP2982xx1","'LAMA5'","CH","father",chr20:62310750-C-T,'0/1','0/0','0/1',"mother",chr20:62318641-C-T,'0/1','0/1','0/0'
"GHARRHDY18uuUROGE010xx1","'LAMA5'","CH","father",chr20:62319784-G-A,'0/1','0/0','0/1',"mother",chr20:62324140-C-T,'0/1','0/1','0/0'
"GHARRHDY18uuUROGE065xx1","'LAMA5'","CH","father",chr20:62314329-G-T,'0/1','0/0','0/1',"mother",chr20:62329221-G-A,'0/1','0/1','0/0'
"GHARRHDY18uuUROGE109xx1","'LAMA5'","CH","mother",chr20:62311090-T-C,'0/1','0/1','0/0',"father",chr20:62319784-G-A,'0/1','0/0','0/1'
"GHARRHDY18uuUROGE109xx1","'LAMA5'","CH","mother",chr20:62335121-G-A,'0/1','0/1','0/0',"father",chr20:62319784-G-A,'0/1','0/0','0/1'
"GHARRHDY18uuUROGE225xx1","'LAMA5'","CH","father",chr20:62314329-G-T,'0/1','0/0','0/1',"mother",chr20:62314841-G-A,'0/1','0/1','0/0'
"GHARRHDY18uuUROGE246xx1","'LAMA5'","CH","mother",chr20:62318579-C-T,'0/1','0/1','0/0',"father",chr20:62323598-G-A,'0/1','0/0','0/1'
"GHARRHDY18uuUROGE246xx1","'LAMA5'","CH","mother",chr20:62318579-C-T,'0/1','0/1','0/0',"father",chr20:62326706-C-T,'0/1','0/0','0/1'
"GHARRHDY18uuUROGE246xx1","'LAMA5'","CH","mother",chr20:62318579-C-T,'0/1','0/1','0/0',"father",chr20:62327346-G-A,'0/1','0/0','0/1'
"GHARRHDY18uuUROGE326xx1","'LAMA5'","CH","mother",chr20:62313454-G-A,'0/1','0/1','0/0',"father",chr20:62322027-T-C,'0/1','0/0','0/1'
"GHARRHDY18uuUROGE332xx1","'LAMA5'","CH","mother",chr20:62309771-G-A,'0/1','0/1','0/0',"father",chr20:62318641-C-T,'0/1','0/0','0/1'
"GHARRHDY18uuUROGE332xx1","'LAMA5'","CH","mother",chr20:62310306-G-A,'0/1','0/1','0/0',"father",chr20:62318641-C-T,'0/1','0/0','0/1'
"GHARRHDY18uuUROGE332xx1","'LAMA5'","CH","mother",chr20:62311022-G-A,'0/1','0/1','0/0',"father",chr20:62318641-C-T,'0/1','0/0','0/1'
"GHARRHDY18uuUROGE332xx1","'LAMA5'","CH","mother",chr20:62311964-G-A,'0/1','0/1','0/0',"father",chr20:62318641-C-T,'0/1','0/0','0/1'
"GHARRHDY18uuUROGE332xx1","'LAMA5'","CH","mother",chr20:62312183-C-T,'0/1','0/1','0/0',"father",chr20:62318641-C-T,'0/1','0/0','0/1'
"GHARRHDY18uuUROGE332xx1","'LAMA5'","CH","mother",chr20:62323664-C-T,'0/1','0/1','0/0',"father",chr20:62318641-C-T,'0/1','0/0','0/1'
"GHARRHDY18uuUROGE435xx1","'LAMA5'","CH","mother",chr20:62310789-G-A,'0/1','0/1','0/0',"father",chr20:62317482-G-A,'0/1','0/0','0/1'
"GHARRHDY18uuUROGE435xx1","'LAMA5'","CH","mother",chr20:62318945-G-A,'0/1','0/1','0/0',"father",chr20:62317482-G-A,'0/1','0/0','0/1'
"GHARRHDY18uuUROGE980xx1","'LAMA5'","CH","mother",chr20:62319750-C-T,'0/1','0/1','0/0',"father",chr20:62319784-G-A,'0/1','0/0','0/1'
"GHARRHDY18uuUROGE980xx1","'LAMA5'","CH","mother",chr20:62319750-C-T,'0/1','0/1','0/0',"father",chr20:62320810-G-A,'0/1','0/0','0/1'
"GHART1153","'LAMA5'","CH","father",chr20:62318634-C-T,'0/1','0/0','0/1',"mother",chr20:62335068-T-G,'0/1','0/1','0/0'
"GHART1211","'LAMA5'","CH","father",chr20:62314383-G-T,'0/1','0/0','0/1',"mother",chr20:62314937-C-T,'0/1','0/1','0/0'
"GHART1211","'LAMA5'","CH","father",chr20:62317450-A-G,'0/1','0/0','0/1',"mother",chr20:62314937-C-T,'0/1','0/1','0/0'
"GHARt1591","'LAMA5'","CH","father",chr20:62314937-C-T,'0/1','0/0','0/1',"mother",chr20:62318579-C-T,'0/1','0/1','0/0'
"GHARt1591","'LAMA5'","CH","father",chr20:62333128-G-T,'0/1','0/0','0/1',"mother",chr20:62318579-C-T,'0/1','0/1','0/0'
"GHARt2340","'LAMA5'","CH","mother",chr20:62309371-C-T,'0/1','1/1','0/0',"father",chr20:62322698-C-T,'0/1','0/0','0/1'
"GHARt494","'LAMA5'","CH","father",chr20:62310046-G-A,'0/1','0/0','0/1',"mother",chr20:62320848-C-T,'0/1','0/1','0/0'
"GHARt494","'LAMA5'","CH","father",chr20:62335068-T-G,'0/1','0/0','0/1',"mother",chr20:62320848-C-T,'0/1','0/1','0/0'
"GHARt59","'LAMA5'","CH","mother",chr20:62309771-G-A,'0/1','0/1','0/0',"father",chr20:62313145-G-A,'0/1','0/0','0/1'
"GHARt59","'LAMA5'","CH","mother",chr20:62309771-G-A,'0/1','0/1','0/0',"father",chr20:62338054-C-T,'0/1','0/0','0/1'
"GHARt59","'LAMA5'","CH","mother",chr20:62310306-G-A,'0/1','0/1','0/0',"father",chr20:62313145-G-A,'0/1','0/0','0/1'
"GHARt59","'LAMA5'","CH","mother",chr20:62310306-G-A,'0/1','0/1','0/0',"father",chr20:62338054-C-T,'0/1','0/0','0/1'
"GHARt59","'LAMA5'","CH","mother",chr20:62311022-G-A,'0/1','0/1','0/0',"father",chr20:62313145-G-A,'0/1','0/0','0/1'
"GHARt59","'LAMA5'","CH","mother",chr20:62311022-G-A,'0/1','0/1','0/0',"father",chr20:62338054-C-T,'0/1','0/0','0/1'
"GHARt59","'LAMA5'","CH","mother",chr20:62311964-G-A,'0/1','0/1','0/0',"father",chr20:62313145-G-A,'0/1','0/0','0/1'
"GHARt59","'LAMA5'","CH","mother",chr20:62311964-G-A,'0/1','0/1','0/0',"father",chr20:62338054-C-T,'0/1','0/0','0/1'
"GHARt59","'LAMA5'","CH","mother",chr20:62312183-C-T,'0/1','0/1','0/0',"father",chr20:62313145-G-A,'0/1','0/0','0/1'
"GHARt59","'LAMA5'","CH","mother",chr20:62312183-C-T,'0/1','0/1','0/0',"father",chr20:62338054-C-T,'0/1','0/0','0/1'
"GHARRHDY18uuCRM089xx1","'LBP'","CH","father",chr20:38354354-G-A,'0/1','0/0','0/1',"mother",chr20:38369028-C-T,'0/1','0/1','0/0'
"GHARRHDY18uuUROGE972xx1","'LBP'","CH","father",chr20:38354405-G-A,'0/1','0/0','0/1',"mother",chr20:38364679-A-G,'0/1','0/1','0/0'
"DDDP126378","'LRRN4'","CH","father",chr20:6041345-G-T,'0/1','0/0','0/1',"mother",chr20:6050863-T-C,'0/1','0/1','0/0'
"GHARRHDY16uuUROCA036xx1","'LZTS3'","CH","father",chr20:3166880-T-C,'0/1','0/0','0/1',"mother",chr20:3167098-G-A,'0/1','0/1','0/0'
"GHARCRM0041b","'MYH7B'","CH","father",chr20:34982519-C-T,'0/1','0/0','0/1',"mother",chr20:34994243-C-T,'0/1','0/1','0/0'
"GHARRHDY18uuUROGE109xx1","'MYH7B'","CH","father",chr20:34994243-C-T,'0/1','0/0','0/1',"mother",chr20:34995477-C-T,'0/1','0/1','0/0'
"DDDP116114","'MYLK2'","CH","mother",chr20:31820503-C-G,'0/1','0/1','0/0',"father",chr20:31826700-C-T,'0/1','0/0','0/1'
"GHARRHDY16uuT19xx23","'MYLK2'","CH","mother",chr20:31820354-C-T,'0/1','0/1','0/0',"father",chr20:31820503-C-G,'0/1','0/0','0/1'
"GHARRHDY18uuP3015xx1","'MYLK2'","CH","mother",chr20:31826818-C-T,'0/1','0/1','0/0',"father",chr20:31831025-C-T,'0/1','0/0','0/1'
"GHARRHDY18uuUROGE359xx1","'MYLK2'","CH","father",chr20:31820503-C-G,'0/1','0/0','0/1',"mother",chr20:31824298-C-T,'0/1','0/1','0/0'
"GHARRHDY18uuUROGE246xx1","'NCOA5'","CH","mother",chr20:46062460-G-A,'0/1','0/1','0/0',"father",chr20:46063563-A-G,'0/1','0/0','0/1'
"GHARRHDY16uuUROCA036xx1","'NCOA6'","CH","father",chr20:34750520-C-A,'0/1','0/0','0/1',"mother",chr20:34750521-T-A,'0/1','0/1','0/0'
"GHARRHDY18uuUROME088xx1","'NCOA6'","CH","mother",chr20:34750311-G-A,'0/1','0/1','0/0',"father",chr20:34757944-T-C,'0/1','0/0','0/1'
"DDDP107774","'NINL'","CH","mother",chr20:25453574-T-C,'0/1','0/1','0/0',"father",chr20:25512973-T-C,'0/1','0/0','0/1'
"GHARCRM0721","'PCK1'","CH","father",chr20:57562845-G-A,'0/1','0/0','0/1',"mother",chr20:57565383-G-A,'0/1','0/1','0/0'
"GHARRHDY16uuUROCA036xx1","'PCK1'","CH","father",chr20:57565577-G-A,'0/1','0/0','0/1',"mother",chr20:57565615-GGAGGATGCC-G,'0/1','0/1','0/0'
"DDDP118180","'PHF20'","CH","mother",chr20:35863240-C-T,'0/1','0/1','0/0',"father",chr20:35899599-G-A,'0/1','0/0','0/1'
"DDDP118180","'PHF20'","CH","mother",chr20:35863240-C-T,'0/1','0/1','0/0',"father",chr20:35938973-G-A,'0/1','0/0','0/1'
"GHARt59","'PLCB1'","CH","father",chr20:8684993-A-G,'0/1','0/0','0/1',"mother",chr20:8716337-G-A,'0/1','0/1','0/0'
"GHARRHDY18uuUROGE040xx1","'PLCG1'","CH","mother",chr20:41166245-G-A,'0/1','0/1','0/0',"father",chr20:41172488-C-T,'0/1','0/0','0/1'
"GHARRHDY18uuUROGE168xx1","'PREX1'","CH","mother",chr20:48636613-G-A,'0/1','0/1','0/0',"father",chr20:48639834-T-C,'0/1','0/0','0/1'
"GHARRHDY18uuUROGE168xx1","'PREX1'","CH","mother",chr20:48636613-G-A,'0/1','0/1','0/0',"father",chr20:48827753-C-A,'0/1','0/0','0/1'
"GHARRHDY16uuUROPR372xx1","'PRND'","CH","mother",chr20:4724628-C-T,'0/1','0/1','0/0',"father",chr20:4724718-C-T,'0/1','0/0','0/1'
"GHARRHDY18uuP2602xx1","'PRND'","CH","father",chr20:4724628-C-T,'0/1','0/0','0/1',"mother",chr20:4724896-G-A,'0/1','0/1','0/0'
"GHARRHDY18uuUROGE325xx1","'PRND'","CH","mother",chr20:4724628-C-T,'0/1','0/1','0/0',"father",chr20:4725073-G-A,'0/1','0/0','0/1'
"GHART33b","'PRPF6'","CH","mother",chr20:64010252-G-A,'0/1','0/1','0/0',"father",chr20:64031987-G-A,'0/1','0/0','0/1'
"GHARRHDY16uuCRM003xx1","'PTPRT'","CH","father",chr20:42199246-C-T,'0/1','0/0','0/1',"mother",chr20:42315905-G-A,'0/1','0/1','0/0'
"GHARRHDY16uuCRM003xx1","'PTPRT'","CH","father",chr20:42199246-C-T,'0/1','0/0','0/1',"mother",chr20:42771474-A-T,'0/1','0/1','0/0'
"GHARRHDY16uuCRM003xx1","'PTPRT'","CH","father",chr20:42448292-C-G,'0/1','0/0','0/1',"mother",chr20:42315905-G-A,'0/1','0/1','0/0'
"GHARRHDY16uuCRM003xx1","'PTPRT'","CH","father",chr20:42448292-C-G,'0/1','0/0','0/1',"mother",chr20:42771474-A-T,'0/1','0/1','0/0'
"GHARRHDY18uuP1068xx1","'PTPRT'","CH","father",chr20:42110424-C-T,'0/1','0/0','1/1',"mother",chr20:42115305-A-G,'0/1','0/1','0/0'
"GHARRHDY16uuT19xx23","'RAE1'","CH","mother",chr20:57367006-A-T,'0/1','0/1','0/0',"father",chr20:57367007-G-T,'0/1','0/0','0/1'
"GHARt2461","'RALGAPA2'","CH","father",chr20:20531792-G-A,'0/1','0/0','0/1',"mother",chr20:20629400-C-T,'0/1','0/1','0/0'
"DDDP106856","'RALGAPB'","CH","father",chr20:38531203-T-C,'0/1','0/0','0/1',"mother",chr20:38569939-C-T,'0/1','0/1','0/0'
"DDDP106225","'RIN2'","CH","father",chr20:19960775-C-T,'0/1','0/0','0/1',"mother",chr20:19974822-A-T,'0/1','0/1','0/0'
"DDDP127383","'RIN2'","CH","mother",chr20:19960775-C-T,'0/1','0/1','0/0',"father",chr20:19974829-C-T,'0/1','0/0','0/1'
"GHARRHDY16uuCRM073xx1","'RIN2'","CH","father",chr20:19960723-C-T,'0/1','0/0','0/1',"mother",chr20:19974829-C-T,'0/1','0/1','0/0'
"GHARRHDY16uuT22xx69","'RSPO4'","CH","mother",chr20:964059-G-A,'0/1','0/1','0/0',"father",chr20:1002153-T-G,'0/1','0/0','0/1'
"GHARRHDY16uuUROPR372xx1","'SALL4'","CH","father",chr20:51784428-AC-A,'0/1','0/0','0/1',"mother",chr20:51788886-G-C,'0/1','0/1','0/0'
"GHART771","'SALL4'","CH","father",chr20:51791196-A-C,'0/1','0/0','0/1',"mother",chr20:51791522-G-A,'0/1','0/1','0/0'
"DDDP120046","'SIRPB1'","CH","mother",chr20:1570918-T-C,'0/1','0/1','0/0',"father",chr20:1578587-C-A,'0/1','0/0','0/1'
"GHART33b","'SIRPB1'","CH","father",chr20:1570918-T-C,'0/1','0/0','0/1',"mother",chr20:1578587-C-A,'0/1','0/1','0/0'
"GHARuropr3531","'SLC13A3'","CH","father",chr20:46588145-A-T,'0/1','0/0','0/1',"mother",chr20:46592416-C-G,'0/1','0/1','0/0'
"DDDP102538","'SLC23A2'","CH","mother",chr20:4869922-TG-T,'0/1','0/1','0/0',"father",chr20:4874663-G-A,'0/1','0/0','0/1'
"GHARRHDY16uuT28xx79","'SLC9A8'","CH","father",chr20:49850778-G-T,'0/1','0/0','0/1',"mother",chr20:49850780-G-T,'0/1','0/1','0/0'
"GHARRHDY16uuTxx1576","'SLC9A8'","CH","mother",chr20:49850774-G-T,'0/1','0/1','0/0',"father",chr20:49850778-G-T,'0/1','0/0','0/1'
"GHARRHDY16uuTxx1576","'SLC9A8'","CH","mother",chr20:49850774-G-T,'0/1','0/1','0/0',"father",chr20:49850780-G-T,'0/1','0/0','0/1'
"GHARRHDY16uuTxx1576","'SLC9A8'","CH","mother",chr20:49850776-G-T,'0/1','0/1','0/0',"father",chr20:49850778-G-T,'0/1','0/0','0/1'
"GHARRHDY16uuTxx1576","'SLC9A8'","CH","mother",chr20:49850776-G-T,'0/1','0/1','0/0',"father",chr20:49850780-G-T,'0/1','0/0','0/1'
"GHARRHDY18uuUROGE149xx1","'SNTA1'","CH","father",chr20:33417865-G-A,'0/1','0/0','0/1',"mother",chr20:33439020-C-T,'0/1','0/1','0/0'
"GHARRHDY18uuP3015xx1","'SRMS'","CH","mother",chr20:63542543-G-A,'0/1','0/1','0/0',"father",chr20:63542563-C-T,'0/1','0/0','0/1'
"GHARRHDY18uuP3017xx1","'SSTR4'","CH","father",chr20:23036182-C-T,'0/1','0/0','0/1',"mother",chr20:23036213-C-T,'0/1','0/1','0/0'
"DDDP108353","'SYCP2'","CH","mother",chr20:59867771-C-A,'0/1','0/1','0/0',"unknown",chr20:59880406-G-T,'0/1','0/0','0/0'
"DDDP108353","'SYCP2'","CH","mother",chr20:59877527-A-G,'0/1','0/1','0/0',"unknown",chr20:59880406-G-T,'0/1','0/0','0/0'
"DDDP108353","'SYCP2'","CH","mother",chr20:59880410-T-C,'0/1','0/1','0/0',"unknown",chr20:59880406-G-T,'0/1','0/0','0/0'
"DDDP108353","'SYCP2'","CH","mother",chr20:59892102-G-A,'0/1','0/1','0/0',"unknown",chr20:59880406-G-T,'0/1','0/0','0/0'
"DDDP108353","'SYCP2'","CH","mother",chr20:59867771-C-A,'0/1','0/1','0/0',"father",chr20:59901786-G-T,'0/1','0/0','0/1'
"DDDP108353","'SYCP2'","CH","mother",chr20:59877527-A-G,'0/1','0/1','0/0',"father",chr20:59901786-G-T,'0/1','0/0','0/1'
"DDDP108353","'SYCP2'","CH","mother",chr20:59880410-T-C,'0/1','0/1','0/0',"father",chr20:59901786-G-T,'0/1','0/0','0/1'
"DDDP108353","'SYCP2'","CH","mother",chr20:59892102-G-A,'0/1','0/1','0/0',"father",chr20:59901786-G-T,'0/1','0/0','0/1'
"DDDP108353","'SYCP2'","CH","unknown",chr20:59880406-G-T,'0/1','0/0','0/0',"father",chr20:59901786-G-T,'0/1','0/0','0/1'
"DDDP111239","'SYCP2'","CH","mother",chr20:59901756-C-T,'0/1','0/1','0/0',"father",chr20:59901786-G-T,'0/1','0/0','0/1'
"DDDP118858","'SYCP2'","CH","mother",chr20:59896487-C-T,'0/1','0/1','0/0',"father",chr20:59901786-G-T,'0/1','0/0','0/1'
"DDDP129530","'SYCP2'","CH","father",chr20:59867771-C-A,'0/1','0/0','0/1',"mother",chr20:59901756-C-T,'0/1','0/1','0/0'
"DDDP129530","'SYCP2'","CH","father",chr20:59877527-A-G,'0/1','0/0','0/1',"mother",chr20:59901756-C-T,'0/1','0/1','0/0'
"DDDP129530","'SYCP2'","CH","father",chr20:59892102-G-A,'0/1','0/0','0/1',"mother",chr20:59901756-C-T,'0/1','0/1','0/0'
"GHARRHDY18uuUROGE972xx1","'SYCP2'","CH","mother",chr20:59895561-A-AGTGGTGGTTTAATTCTTCTTCTTC,'0/1','0/1','0/0',"father",chr20:59901756-C-T,'0/1','0/0','1/1'
"GHARt1591","'SYCP2'","CH","father",chr20:59867771-C-A,'0/1','0/0','0/1',"mother",chr20:59901786-G-T,'0/1','0/1','0/0'
"GHARRHDY18uuUROGE127xx4","'TGM6'","CH","mother",chr20:2403703-G-A,'0/1','0/1','0/0',"father",chr20:2432517-G-C,'0/1','0/0','0/1'
"GHART942","'TGM6'","CH","mother",chr20:2403418-G-A,'0/1','0/1','0/0',"father",chr20:2417418-G-A,'0/1','0/0','0/1'
"GHARMALFI16uuM14171","'TNFRSF6B'","CH","father",chr20:63696836-G-A,'0/1','0/0','0/1',"mother",chr20:63696841-C-T,'0/1','0/1','0/0'
"DDDP103974","'TSHZ2'","CH","mother",chr20:53253612-G-A,'0/1','0/1','0/0',"father",chr20:53254963-G-A,'0/1','0/0','0/1'
"DDDP125302","'TSHZ2'","CH","father",chr20:53255344-G-A,'0/1','0/0','0/1',"mother",chr20:53255513-C-T,'0/1','0/1','0/0'
"DDDP125302","'TSHZ2'","CH","father",chr20:53255344-G-A,'0/1','0/0','0/1',"mother",chr20:53255855-C-G,'0/1','0/1','0/0'
"DDDP120483","'TTI1'","CH","mother",chr20:38012064-G-A,'0/1','0/1','0/0',"father",chr20:38013469-G-A,'0/1','0/0','0/1'
"DDDP125437","'TTI1'","CH","mother",chr20:38012017-G-A,'0/1','0/1','0/0',"father",chr20:38013469-G-A,'0/1','0/0','0/1'
"GHART492","'TTI1'","CH","father",chr20:38012468-C-T,'0/1','0/0','0/1',"mother",chr20:38013333-C-T,'0/1','0/1','0/0'
"GHART492","'TTI1'","CH","father",chr20:38012964-C-T,'0/1','0/0','0/1',"mother",chr20:38013333-C-T,'0/1','0/1','0/0'
"GHARRHDY18uuUROGE018xx1","'VPS16'","CH","mother",chr20:2860849-G-A,'0/1','0/1','0/0',"father",chr20:2864033-G-A,'0/1','0/0','0/1'
"GHARRHDY18uuUROGE018xx1","'VPS16'","CH","mother",chr20:2863315-C-T,'0/1','0/1','0/0',"father",chr20:2864033-G-A,'0/1','0/0','0/1'
"DDDP111378","'ZCCHC3'","CH","mother",chr20:298046-C-CCGG,'0/1','0/1','0/0',"father",chr20:298541-C-T,'0/1','0/0','0/1'
"DDDP111738","'ZNF217'","CH","father",chr20:53581933-A-G,'0/1','0/0','0/1',"mother",chr20:53582440-G-A,'0/1','0/1','0/0'
"DDDP129787","'ZNF334'","CH","mother",chr20:46501815-C-T,'0/1','0/1','0/0',"father",chr20:46504651-A-G,'0/1','0/0','0/1'
"GHARRHDY16uuM11401","'ZNF335'","CH","father",chr20:45949845-C-T,'0/1','0/0','0/1',"mother",chr20:45960702-C-T,'0/1','0/1','0/0'
"GHART1045","'ZNF337'","CH","father",chr20:25675320-G-A,'0/1','0/0','0/1',"mother",chr20:25686084-G-A,'0/1','0/1','0/0'
"DDDP111951","'ZNF341'","CH","father",chr20:33788939-C-T,'0/1','0/0','0/1',"mother",chr20:33788942-C-T,'0/1','0/1','0/0'
"GHARRHDY18uuUROGE149xx1","'ZNF831'","CH","father",chr20:59191664-G-A,'0/1','0/0','0/1',"mother",chr20:59194497-C-T,'0/1','0/1','0/0'
"GHARt1629","'ZNF831'","CH","mother",chr20:59193362-G-A,'0/1','0/1','0/0',"father",chr20:59194046-C-G,'0/1','0/0','0/1'
"GHARt1629","'ZNF831'","CH","mother",chr20:59193600-G-A,'0/1','0/1','0/0',"father",chr20:59194046-C-G,'0/1','0/0','0/1'
"GHARRHDY18uuP2982xx1","'ANKRD60'","potential CH","father",chr20:58228607-G-C,'0/1','0/0','0/1',"unknown",chr20:58228613-G-C,'0/1','0/1','0/1'
"GHARRHDY16uuUROCA040xx1","'CDH26'","potential CH","father",chr20:59983027-A-G,'0/1','0/0','0/1',"unknown",chr20:60001377-A-G,'0/1','0/1','0/1'
"GHARRHDY16uuUROCA040xx1","'CDH26'","potential CH","father",chr20:59987516-C-G,'0/1','0/0','0/1',"unknown",chr20:60001377-A-G,'0/1','0/1','0/1'
"GHARRHDY16uuUROCA040xx1","'CDH26'","potential CH","father",chr20:59989091-A-G,'0/1','0/0','0/1',"unknown",chr20:60001377-A-G,'0/1','0/1','0/1'
"DDDP102538","'CHD6'","potential CH","father",chr20:41420946-T-C,'0/1','0/0','0/1',"unknown",chr20:41497408-G-A,'0/1','0/1','0/1'
"DDDP102538","'CHD6'","potential CH","father",chr20:41421233-T-C,'0/1','0/0','0/1',"unknown",chr20:41497408-G-A,'0/1','0/1','0/1'
"DDDP102538","'CHD6'","potential CH","father",chr20:41421674-G-A,'0/1','0/0','0/1',"unknown",chr20:41497408-G-A,'0/1','0/1','0/1'
"GHARRHDY16uuT8xx11","'CST2'","potential CH","father",chr20:23825307-TTC-T,'0/1','0/0','0/1',"unknown",chr20:23825320-C-CCGA,'0/1','0/1','0/1'
"GHARRHDY16uuTxx1094","'CST5'","potential CH","unknown",chr20:23877585-TCACA-T,'0/1','0/0','0/0',"mother",chr20:23877607-C-CGGCGA,'0/1','0/1','0/0'
"GHARRHDY16uuTxx1094","'CST5'","potential CH","unknown",chr20:23877613-C-G,'0/1','0/0','0/0',"mother",chr20:23877607-C-CGGCGA,'0/1','0/1','0/0'
"GHARRHDY16uuTxx1094","'CST5'","potential CH","unknown",chr20:23877614-AC-A,'0/1','0/1','0/1',"mother",chr20:23877607-C-CGGCGA,'0/1','0/1','0/0'
"GHARRHDY18uuP2970xx1","'DLGAP4'","potential CH","unknown",chr20:36432527-G-C,'0/1','0/1','0/1',"mother",chr20:36432531-G-C,'0/1','0/1','0/0'
"GHARRHDY18uuP2949xx1","'KIF3B'","potential CH","unknown",chr20:32310942-A-T,'0/1','0/1','0/1',"father",chr20:32310959-AGAG-A,'0/1','0/0','0/1'
"GHARRHDY18uuP2949xx1","'KIF3B'","potential CH","unknown",chr20:32316607-A-C,'0/1','0/0','0/0',"father",chr20:32310959-AGAG-A,'0/1','0/0','0/1'
"GHART492","'LAMA5'","potential CH","unknown",chr20:62313145-G-A,'0/1','0/1','0/1',"mother",chr20:62345852-G-A,'0/1','0/1','0/0'
"GHART492","'LAMA5'","potential CH","unknown",chr20:62323664-C-T,'0/1','0/1','0/1',"mother",chr20:62345852-G-A,'0/1','0/1','0/0'
"GHARRHDY18uuUROGE109xx1","'NINL'","potential CH","unknown",chr20:25455736-C-T,'0/1','0/1','0/1',"father",chr20:25476125-C-G,'0/1','0/0','0/1'
"GHARRHDY18uuUROGE109xx1","'NINL'","potential CH","unknown",chr20:25476126-C-G,'0/1','0/0','0/0',"father",chr20:25476125-C-G,'0/1','0/0','0/1'
"GHARRHDY18uuUROGE109xx1","'NINL'","potential CH","unknown",chr20:25476792-C-G,'0/1','0/1','0/1',"father",chr20:25476125-C-G,'0/1','0/0','0/1'
"GHARRHDY18uuUROGE109xx1","'NINL'","potential CH","unknown",chr20:25478967-C-T,'0/1','0/1','0/1',"father",chr20:25476125-C-G,'0/1','0/0','0/1'
"GHARRHDY16uuTxx1576","'NOL4L'","potential CH","mother",chr20:32447742-T-G,'0/1','0/1','0/0',"unknown",chr20:32447751-A-G,'0/1','0/1','0/1'
"DDDP110729","'RBCK1'","potential CH","mother",chr20:419411-C-G,'0/1','0/1','0/0',"unknown",chr20:419416-T-C,'0/1','0/1','0/1'
"DDDP125681","'RIN2'","potential CH","father",chr20:19974964-A-C,'0/1','0/0','0/1',"unknown",chr20:19974968-G-C,'0/1','0/1','0/1'
"DDDP125681","'RIN2'","potential CH","father",chr20:19975450-C-A,'0/1','0/0','0/1',"unknown",chr20:19974968-G-C,'0/1','0/1','0/1'
"DDDP125681","'RIN2'","potential CH","father",chr20:19975667-G-A,'0/1','0/0','0/1',"unknown",chr20:19974968-G-C,'0/1','0/1','0/1'
"DDDP129530","'RIN2'","potential CH","unknown",chr20:19974961-G-C,'0/1','0/1','0/1',"mother",chr20:19974968-G-C,'0/1','0/1','0/0'
"GHARRHDY18uuUROME088xx1","'SEMG1'","potential CH","mother",chr20:45208231-A-C,'0/1','0/1','0/0',"unknown",chr20:45208356-G-A,'0/1','0/1','0/1'
"GHARCAUDC17uuT17xx17","'SYCP2'","potential CH","father",chr20:59892001-G-T,'0/1','0/0','0/1',"unknown",chr20:59892006-G-T,'0/1','0/1','0/1'
"GHARCAUDC17uuT17xx17","'SYCP2'","potential CH","father",chr20:59892005-C-T,'0/1','0/0','0/1',"unknown",chr20:59892006-G-T,'0/1','0/1','0/1'
"GHARRHDY18uuUROGE109xx1","'VSTM2L'","potential CH","unknown",chr20:37944187-G-C,'0/1','0/1','0/1',"mother",chr20:37944190-G-A,'0/1','0/1','0/0'
