"SAMPLE_1","gene","mut_flag","father_VAR","father_GT_1","father_GT_2","father_GT_3","mother_VAR","mother_GT_1","mother_GT_2","mother_GT_3","unknown_VAR","unknown_GT_1","unknown_GT_2","unknown_GT_3"
"GHARRHDY16uuCRM080xx1","'TRIOBP'","CH","chr22:37715789-G-A","'0/1'","'0/0'","'0/1'","chr22:37769304-G-A","'0/1'","'0/1'","'0/0'",,,,
"GHARRHDY18uuCRM174xx1","'LGALS2'","CH","chr22:37566551-G-A","'0/1'","'0/0'","'0/1'","chr22:37570678-G-C","'0/1'","'0/1'","'0/0'",,,,
"GHARRHDY16uuTxx1094","'GNB1L'","CH","chr22:19779269-C-T","'0/1'","'0/0'","'0/1'","chr22:19802111-C-T","'0/1'","'0/1'","'0/0'",,,,
"GHART448","'EFCAB6'","CH","chr22:43632106-C-T","'0/1'","'0/0'","'0/1'","chr22:43632112-G-A","'0/1'","'0/1'","'0/0'",,,,
"GHARRHDY18uuMCD598xx1","'CELSR1'","CH","chr22:46464060-G-A","'0/1'","'0/0'","'0/1'","chr22:46536970-C-A","'0/1'","'0/1'","'0/0'",,,,
"GHARt1346","'SBF1'","CH","chr22:50465089-A-T","'0/1'","'0/0'","'0/1'","chr22:50460636-C-T","'0/1'","'0/1'","'0/0'",,,,
"GHARRHDY18uuUROGE101xx1","'TRMT2A'","CH","chr22:20115370-G-A","'0/1'","'0/0'","'0/1'","chr22:20115406-C-A","'0/1'","'0/1'","'0/0'",,,,
"GHART916","'EP300'","CH","chr22:41151885-C-G","'0/1'","'0/0'","'0/1'","chr22:41177584-C-T","'0/1'","'0/1'","'0/0'",,,,
"GHARRHDY18uuUROGE980xx1","'SMC1B'","CH","chr22:45372273-C-T","'0/1'","'0/0'","'0/1'","chr22:45393797-T-C","'0/1'","'0/1'","'0/0'",,,,
"GHARRHDY16uuUROPR230xx1","'OSBP2'","CH","chr22:30905889-G-A","'0/1'","'0/0'","'0/1'","chr22:30889539-G-C","'0/1'","'0/1'","'0/0'",,,,
"DDDP106225","'CECR2'","CH","chr22:17548158-G-T","'0/1'","'0/0'","'0/1'","chr22:17548168-G-T","'0/1'","'0/1'","'0/0'",,,,
"DDDP106856","'ZBED4'","CH","chr22:49884967-G-A","'0/1'","'0/0'","'0/1'","chr22:49885551-C-T","'0/1'","'0/1'","'0/0'",,,,
"BS_1GMPQKSP","'CACNA1I'","CH","chr22:39649752-A-AAGG","'0/1'","'0/0'","'0/1'","chr22:39659691-C-T","'0/1'","'0/1'","'0/0'",,,,
"BS_1VDQFM86","'ASCC2'","CH","chr22:29804788-A-G","'0/1'","'0/0'","'0/1'","chr22:29793494-C-T","'0/1'","'0/1'","'0/0'",,,,
"BS_1YMY2X4W","'C22orf23'","CH","chr22:37953041-A-AGCAGCT","'0/1'","'0/0'","'0/1'","chr22:37953045-A-AG","'0/1'","'0/1'","'0/0'",,,,
"BS_1YMY2X4W","'C22orf23'","CH","chr22:37953046-C-CAGCTCG","'0/1'","'0/0'","'0/1'","chr22:37953045-A-AG","'0/1'","'0/1'","'0/0'",,,,
"BS_2NGQFV40","'CARD10'","CH","chr22:37506230-C-A","'0/1'","'0/0'","'0/1'","chr22:37491218-G-A","'0/1'","'0/1'","'0/0'",,,,
"BS_5WK74J71","'KIAA1671'","potential CH","chr22:25028550-T-A","'0/1'","'0/0'","'0/1'",,,,,"chr22:25028546-G-C","'0/1'","'0/1'","'0/1'"
"BS_6GVEAVTX","'SH3BP1'","CH","chr22:37644914-G-T","'0/1'","'0/0'","'0/1'","chr22:37643628-T-C","'0/1'","'0/1'","'0/0'",,,,
"BS_6X5J99MB","'PLXNB2'","CH","chr22:50282379-G-C","'0/1'","'0/0'","'0/1'","chr22:50282381-C-G","'0/1'","'0/1'","'0/0'",,,,
"BS_6X5J99MB","'PLXNB2'","CH","chr22:50282379-G-C","'0/1'","'0/0'","'0/1'","chr22:50282389-A-C","'0/1'","'0/1'","'0/0'",,,,
"BS_9YCN7TAA","'GCAT'","CH","chr22:37808116-T-A","'0/1'","'0/0'","'0/1'","chr22:37808117-C-A","'0/1'","'0/1'","'0/0'",,,,
"BS_C8F5BYAY","'SEPTIN3'","CH","chr22:41969683-T-G","'0/1'","'0/0'","'0/1'","chr22:41969685-T-G","'0/1'","'0/1'","'0/0'",,,,
"BS_FW5JD2X9","'POM121L1P'","potential CH",,,,,"chr22:22646998-C-T","'0/1'","'0/1'","'0/0'","chr22:22647002-A-C","'0/1'","'0/1'","'0/1'"
"BS_HTF2Z5WG","'AP000350.1'","potential CH","chr22:23942672-C-G","'0/1'","'0/0'","'0/1'","chr22:23942679-A-G","'0/1'","'0/1'","'0/0'","chr22:23942678-C-T","'0/1'","'0/1'","'0/1'"
"BS_HTF2Z5WG","'AP000350.1'","potential CH","chr22:23942683-C-G","'0/1'","'0/0'","'0/1'","chr22:23942679-A-G","'0/1'","'0/1'","'0/0'","chr22:23942678-C-T","'0/1'","'0/1'","'0/1'"
"BS_J5YXHCRC","'AC007731.4'","CH","chr22:20425785-T-G","'0/1'","'0/0'","'1/1'","chr22:20427598-C-T","'0/1'","'0/1'","'0/0'",,,,
"BS_P42WP296","'PRR14L'","CH","chr22:31712931-T-G","'0/1'","'0/0'","'0/1'","chr22:31712934-T-G","'0/1'","'0/1'","'0/0'",,,,
"BS_QHH6EEWN","'MCHR1'","CH","chr22:40679611-A-T","'0/1'","'0/0'","'0/1'","chr22:40680960-C-T","'0/1'","'0/1'","'0/0'",,,,
"BS_V4Y9CV5E","'EFCAB6'","CH","chr22:43540444-G-A","'0/1'","'0/0'","'0/1'","chr22:43808997-T-C","'0/1'","'0/1'","'0/0'",,,,
"BS_VTA7RG7S","'MCM5'","potential CH",,,,,"chr22:35400489-C-A","'0/1'","'0/1'","'0/0'","chr22:35400488-G-A","'0/1'","'0/1'","'0/1'"
"BS_W7FWW8MJ","'ZBED4'","CH","chr22:49886385-C-T","'0/1'","'0/0'","'0/1'","chr22:49885107-G-T","'0/1'","'0/1'","'0/0'",,,,
