"Variant.ID","ATAV","Variant.Type","Ref.Allele","Alt.Allele","Rs.Number","Impact","Effect","Canonical.Transcript.Effect","Gene.Name","UpToDate.Gene.Name","All.Gene.Symbols","All.Gene.Transcript.Count","Transcript.Stable.Id","Has.CCDS.Transcript","HGVS_c","HGVS_p","Polyphen.Humdiv.Score","Polyphen.Humdiv.Prediction","Polyphen.Humvar.Score","Polyphen.Humvar.Prediction","Consequence.annotations..Effect.Gene.Transcript.HGVS_c.HGVS_p.Polyphen_Humdiv.Polyphen_Humvar","Experiment.ID","Sample.Name","Sample.Type","Sample.Phenotype","GT","father","mother","phasing","mut_flag","DP","DP.Bin","AD.REF","AD.ALT","Percent.Alt.Read","Percent.Alt.Read.Binomial.P","GQ","VQSLOD","SOR","FS","MQ","QD","Qual","Read.Pos.Rank.Sum","MQ.Rank.Sum","FILTER","Hom.Case","Het.Case","Hom.Ref.Case","Hom.Case.Freq","Het.Case.Freq","Hom.Ctrl","Het.Ctrl","Hom.Ref.Ctrl","Hom.Ctrl.Freq","Het.Ctrl.Freq","QC.Fail.Case","QC.Fail.Ctrl","Covered.Case","Covered.Ctrl","Covered.Case.Percentage","Covered.Ctrl.Percentage","Case.AF","Ctrl.AF","AC","AF","Case.HWE_P","Ctrl.HWE_P","LOO.AF","ExAC.global.af","ExAC.global.gts","ExAC.afr.af","ExAC.afr.gts","ExAC.amr.af","ExAC.amr.gts","ExAC.eas.af","ExAC.eas.gts","ExAC.sas.af","ExAC.sas.gts","ExAC.fin.af","ExAC.fin.gts","ExAC.nfe.af","ExAC.nfe.gts","ExAC.oth.af","ExAC.oth.gts","ExAC.vqslod","ExAC.Mean.Coverage","ExAC.Sample.Covered.10x","gnomAD.Exome.FILTER","gnomAD.Exome.rf_tp_probability","gnomAD.Exome.global_AF","gnomAD.Exome.global_nhet","gnomAD.Exome.global_nhomalt","gnomAD.Exome.global_nhemi","gnomAD.Exome.controls_AF","gnomAD.Exome.controls_nhet","gnomAD.Exome.controls_nhomalt","gnomAD.Exome.controls_nhemi","gnomAD.Exome.non_neuro_AF","gnomAD.Exome.non_neuro_nhet","gnomAD.Exome.non_neuro_nhomalt","gnomAD.Exome.non_neuro_nhemi","gnomAD.Exome.afr_AF","gnomAD.Exome.amr_AF","gnomAD.Exome.asj_AF","gnomAD.Exome.eas_AF","gnomAD.Exome.sas_AF","gnomAD.Exome.fin_AF","gnomAD.Exome.nfe_AF","gnomAD.Exome.nfemax_AF","gnomAD.Exome.easmax_AF","gnomAD.Exome.controls_afr_AF","gnomAD.Exome.controls_amr_AF","gnomAD.Exome.controls_asj_AF","gnomAD.Exome.controls_eas_AF","gnomAD.Exome.controls_sas_AF","gnomAD.Exome.controls_fin_AF","gnomAD.Exome.controls_nfe_AF","gnomAD.Exome.controls_nfemax_AF","gnomAD.Exome.controls_easmax_AF","gnomAD.Exome.non_neuro_afr_AF","gnomAD.Exome.non_neuro_amr_AF","gnomAD.Exome.non_neuro_asj_AF","gnomAD.Exome.non_neuro_eas_AF","gnomAD.Exome.non_neuro_sas_AF","gnomAD.Exome.non_neuro_fin_AF","gnomAD.Exome.non_neuro_nfe_AF","gnomAD.Exome.non_neuro_nfemax_AF","gnomAD.Exome.non_neuro_easmax_AF","gnomAD.Genome.FILTER","gnomAD.Genome.rf_tp_probability","gnomAD.Genome.global_AF","gnomAD.Genome.global_nhet","gnomAD.Genome.global_nhomalt","gnomAD.Genome.global_nhemi","gnomAD.Genome.controls_AF","gnomAD.Genome.controls_nhet","gnomAD.Genome.controls_nhomalt","gnomAD.Genome.controls_nhemi","gnomAD.Genome.non_neuro_AF","gnomAD.Genome.non_neuro_nhet","gnomAD.Genome.non_neuro_nhomalt","gnomAD.Genome.non_neuro_nhemi","gnomAD.Genome.afr_AF","gnomAD.Genome.amr_AF","gnomAD.Genome.asj_AF","gnomAD.Genome.eas_AF","gnomAD.Genome.fin_AF","gnomAD.Genome.nfe_AF","gnomAD.Genome.nfemax_AF","gnomAD.Genome.easmax_AF","gnomAD.Genome.controls_afr_AF","gnomAD.Genome.controls_amr_AF","gnomAD.Genome.controls_asj_AF","gnomAD.Genome.controls_eas_AF","gnomAD.Genome.controls_fin_AF","gnomAD.Genome.controls_nfe_AF","gnomAD.Genome.controls_nfemax_AF","gnomAD.Genome.controls_easmax_AF","gnomAD.Genome.non_neuro_afr_AF","gnomAD.Genome.non_neuro_amr_AF","gnomAD.Genome.non_neuro_asj_AF","gnomAD.Genome.non_neuro_eas_AF","gnomAD.Genome.non_neuro_fin_AF","gnomAD.Genome.non_neuro_nfe_AF","gnomAD.Genome.non_neuro_nfemax_AF","gnomAD.Genome.non_neuro_easmax_AF","gnomAD.Gene.pLI","gnomAD.Gene.mis_z","HGMD.DM.Site.Count","HGMD.DM.2bpflanks.Count","HGMD.Disease","HGMD.PMID","HGMD.Class","ClinVar.PLP.Site.Count","ClinVar.PLP.2bpflanks.Count","ClinVar.PLP.25bpflanks.Count","ClinVar.ClinRevStar","ClinVar.Benign","ClinVar.ClinSig","ClinVar.ClinSigConf","ClinVar.DiseaseName","ClinVar.Pathogenic.Indel.Count","Clinvar.Pathogenic.CNV.Count","ClinVar.Pathogenic.SNV.Splice.Count","ClinVar.Pathogenic.SNV.Nonsense.Count","ClinVar.Pathogenic.SNV.Missense.Count","ClinVar.Pathogenic.Last.Pathogenic.Location","ClinGen","OMIM.Disease","OMIM.Inheritance","ACMG","X0.1.RVIS..EVS.","EdgeCase.EVS.","OEratio.tile.EVS.","GenicConstraint.EVS.","X0.05._anypopn_RVIS.tile.ExAC.","OEratio.tile.ExAC.","GenicConstraint_mis.z.tile.ExAC.","subRVIS.Domain.Name","subRVIS.Domain.Percentile","MTR.Domain.Percentile","subRVIS.Exon.Name","subRVIS.Exon.Percentile","MTR.Exon.Percentile","LIMBR.Domain.Name","LIMBR.Domain.Score","LIMBR.Domain.Percentile","LIMBR.Exon.Name","LIMBR.Exon.Score","LIMBR.Exon.Percentile","CCR.Region.Name","CCR.Percentile","Gerp.RS.Score","TraP.Score","DiscovEHR.AF","MTR","MTR.FDR","MTR.Centile","REVEL","PrimateAI","LOFTEE.HC.in.CCDS"
"22-17119446-A-ATTTG","=HYPERLINK(""http://atavdb.org/variant/22-17119446-A-ATTTG"",""ATAV"")","indel","A","ATTTG","rs199991111","MODIFIER","intron_variant","intron_variant","'TPTEP1'","'TPTEP1'","psiTPTE22|TPTEP1","TPTEP1:6/11","ENST00000383140","false","n.324-23_324-22insTTTG",NA,NA,NA,NA,NA,"intron_variant|TPTEP1|ENST00000383140|n.324-23_324-22insTTTG|NA|NA|NA,intron_variant|TPTEP1|ENST00000400593|n.752-23_752-22insTTTG|NA|NA|NA,intron_variant|TPTEP1|ENST00000426585|n.281-23_281-22insTTTG|NA|NA|NA,intron_variant|TPTEP1|ENST00000558085|n.330-23_330-22insTTTG|NA|NA|NA,intron_variant|TPTEP1|ENST00000585784|n.72-23_72-22insTTTG|NA|NA|NA,upstream_gene_variant|TPTEP1|ENST00000588424|n.-23_-22insTTTG|NA|NA|NA",32547,"GHART291b","exome","case","het","hom","het","0|1","",110,50,21,22,0.2,0.619604178719327,99,NA,1.758,3.112,62,35,1667,-0.219,0.677,"PASS",1,2,0,0.33333334,0.6666667,0,0,0,NA,NA,0,0,3,0,100,1.4e-43,0.6666667,NA,4,0.6666667,1,1,0.75,0,NA,0,NA,0,NA,0,NA,0,NA,0,NA,0,NA,0,NA,NA,NA,NA,NA,NA,NA,NA,NA,NA,NA,NA,NA,NA,NA,NA,NA,NA,NA,NA,NA,NA,NA,NA,NA,NA,NA,NA,NA,NA,NA,NA,NA,NA,NA,NA,NA,NA,NA,NA,NA,NA,NA,NA,NA,"PASS",0.915676,0.0458077,1284,42,NA,0.0431304,422,10,NA,0.0484614,931,29,NA,0.0346325,0.0505051,0.0692308,0.0687419,0.0381806,0.0490502,NA,NA,0.0286853,0.0565217,0.147059,0.0714286,0.0470348,0.041779,NA,NA,0.0322873,0.0530303,0.0646552,0.0687419,0.0469388,0.0487879,NA,NA,NA,NA,0,0,NA,NA,NA,0,0,0,NA,0,NA,NA,NA,NA,NA,NA,NA,NA,NA,NA,NA,NA,NA,NA,NA,NA,NA,NA,NA,NA,NA,NA,NA,NA,NA,NA,NA,NA,NA,NA,NA,NA,NA,NA,NA,NA,NA,NA,NA,NA,NA,NA,NA
"22-17131413-T-C","=HYPERLINK(""http://atavdb.org/variant/22-17131413-T-C"",""ATAV"")","snv","T","C","rs9606141","MODIFIER","downstream_gene_variant","downstream_gene_variant|non_coding_transcript_exon_variant|upstream_gene_variant","'TPTEP1'","'TPTEP1'","psiTPTE22|TPTEP1;VWFP1-ANKRD62P1-PARP4P3|ANKRD62P1-PARP4P3;ADPRTL4|PARP4P3;SLC25A15P5","TPTEP1:6/11;ANKRD62P1-PARP4P3:1/2;PARP4P3:1/1;SLC25A15P5:1/1","ENST00000400593","false","n.*1693T>C",NA,NA,NA,NA,NA,"downstream_gene_variant|TPTEP1|ENST00000400593|n.*1693T>C|NA|NA|NA,downstream_gene_variant|ANKRD62P1-PARP4P3|ENST00000456726|n.*3543A>G|NA|NA|NA,downstream_gene_variant|PARP4P3|ENST00000510265|n.*3369A>G|NA|NA|NA,intron_variant|TPTEP1|ENST00000383140|n.788+1875T>C|NA|NA|NA,intron_variant|TPTEP1|ENST00000415121|n.32+562T>C|NA|NA|NA,intron_variant|TPTEP1|ENST00000558085|n.491+11783T>C|NA|NA|NA,non_coding_transcript_exon_variant|TPTEP1|ENST00000426585|n.2439T>C|NA|NA|NA,non_coding_transcript_exon_variant|TPTEP1|ENST00000545818|n.1716T>C|NA|NA|NA,upstream_gene_variant|SLC25A15P5|ENST00000508033|n.-3942A>G|NA|NA|NA",32547,"GHART291b","exome","case","het","hom","het","0|1","",30,30,19,11,0.36666667,0.100244211032987,99,-0.7135,0.269,2.139,56,10,287,-1.012,-0.774,"INTERMEDIATE",1,2,0,0.33333334,0.6666667,0,0,0,NA,NA,0,0,3,0,100,1.4e-43,0.6666667,NA,4,0.6666667,1,1,0.75,0,NA,0,NA,0,NA,0,NA,0,NA,0,NA,0,NA,0,NA,NA,NA,NA,NA,NA,NA,NA,NA,NA,NA,NA,NA,NA,NA,NA,NA,NA,NA,NA,NA,NA,NA,NA,NA,NA,NA,NA,NA,NA,NA,NA,NA,NA,NA,NA,NA,NA,NA,NA,NA,NA,NA,NA,NA,"PASS",0.947578,0.0404571,1166,33,NA,0.0394861,402,8,NA,0.0469101,909,26,NA,0.00945572,0.0477327,0.0688406,0.0736278,0.040413,0.0521131,NA,NA,0.00664063,0.0487805,0.131579,0.0774487,0.0465729,0.0442728,NA,NA,0.00830368,0.0510949,0.0683761,0.0736278,0.0464912,0.051926,NA,NA,NA,NA,0,0,NA,NA,NA,0,0,0,NA,0,NA,NA,NA,NA,NA,NA,NA,NA,NA,NA,NA,NA,NA,NA,NA,NA,NA,NA,NA,NA,NA,NA,NA,NA,NA,NA,NA,NA,NA,NA,NA,NA,NA,NA,NA,NA,NA,NA,NA,NA,NA,NA,NA
"22-22782234-G-C","=HYPERLINK(""http://atavdb.org/variant/22-22782234-G-C"",""ATAV"")","snv","G","C","rs201204859","MODERATE","missense_variant","missense_variant|downstream_gene_variant|upstream_gene_variant","'IGLV5-37'","'IGLV5-37'","IGLV5-37;IGLVI-38|IGLV(I)-38;IGLV1-36","IGLV5-37:1/1;IGLVI-38:1/1;IGLV1-36:1/1","ENST00000390300","false","c.232G>C","p.Gly78Arg",0,"benign",0.005,"benign","missense_variant|IGLV5-37|ENST00000390300|c.232G>C|p.Gly78Arg|0|0.005,downstream_gene_variant|IGLVI-38|ENST00000519982|n.*1583G>C|NA|NA|NA,upstream_gene_variant|IGLV1-36|ENST00000390301|c.-4102G>C|NA|NA|NA",32547,"GHART291b","exome","case","het","0","het","1|0","",93,50,83,8,0.086021505,0,86,-2.901,0.962,1.393,59,1,58,-1.554,-6.531,"FAIL",0,2,1,0,0.6666667,0,0,0,NA,NA,0,0,3,0,100,1.4e-43,0.33333334,NA,2,0.33333334,1,1,0.25,0.0388042,"'54244/4564/0'",0.0329404,"'4438/313/0'",0.0173023,"'5468/196/0'",0.0240661,"'3975/201/0'",0.082366,"'6764/1334/0'",0.0271536,"'3030/174/0'",0.0354812,"'30177/2305/0'",0.0473441,"'392/41/0'",-5.664,85.78,59352,"RF",0.0477344,0.0015965,351,0,NA,0.00138688,134,0,NA,0.0015661,284,0,NA,0.000346356,0.00034022,0.00579817,0.00034965,0.00278422,0.00257156,0.00163144,0.00490196,0.000450113,0.000149522,0.000249906,0.00628272,0.000363372,0.00271985,0.00198807,0.00148266,0.0166667,0.000684307,0.000347222,0.000316924,0.00747173,0.000238057,0.00278465,0.00218341,0.00163301,0.00543478,0.000466708,"RF",0.0382437,3.20945e-05,1,0,NA,9.2885e-05,1,0,NA,4.73575e-05,1,0,NA,0,0,0,0,0.000291375,0,NA,NA,0,0,0,0,0.000874126,0,NA,NA,0,0,0,0,0.0008726,0,NA,NA,NA,NA,0,0,NA,NA,NA,0,0,0,NA,0,NA,NA,NA,NA,NA,NA,NA,NA,NA,NA,NA,NA,NA,NA,NA,NA,NA,NA,NA,NA,NA,NA,NA,NA,NA,NA,NA,NA,NA,NA,NA,NA,NA,NA,-4.59,0.008,0.00099,0.858,0.481,26.016,NA,NA,NA
"22-22782235-G-A","=HYPERLINK(""http://atavdb.org/variant/22-22782235-G-A"",""ATAV"")","snv","G","A","rs202098056","MODERATE","missense_variant","missense_variant|downstream_gene_variant|upstream_gene_variant","'IGLV5-37'","'IGLV5-37'","IGLV5-37;IGLVI-38|IGLV(I)-38;IGLV1-36","IGLV5-37:1/1;IGLVI-38:1/1;IGLV1-36:1/1","ENST00000390300","false","c.233G>A","p.Gly78Asp",0,"benign",0.001,"benign","missense_variant|IGLV5-37|ENST00000390300|c.233G>A|p.Gly78Asp|0|0.001,downstream_gene_variant|IGLVI-38|ENST00000519982|n.*1584G>A|NA|NA|NA,upstream_gene_variant|IGLV1-36|ENST00000390301|c.-4101G>A|NA|NA|NA",32547,"GHART291b","exome","case","het","0","het","1|0","",93,50,83,8,0.086021505,0,86,-2.953,0.962,1.393,59,1,58,-1.728,-6.531,"FAIL",0,2,1,0,0.6666667,0,0,0,NA,NA,0,0,3,0,100,1.4e-43,0.33333334,NA,2,0.33333334,1,1,0.25,0.0385935,"'54589/4566/0'",0.0326565,"'4465/312/0'",0.0170933,"'5509/195/0'",0.0238888,"'4006/201/0'",0.0819008,"'6810/1334/0'",0.0268767,"'3063/174/0'",0.0353577,"'30343/2309/0'",0.047235,"'393/41/0'",-5.587,85.56,59352,"RF",0.0477344,0.00159103,351,0,NA,0.00139121,135,0,NA,0.00155037,282,0,NA,0.000414365,0.000340094,0.0054321,0.000406882,0.00258388,0.00270062,0.00165606,0.00970874,0.000523874,0.000148943,0.000249969,0.00626305,0.000482742,0.00248719,0.00212917,0.00150443,0.0322581,0.000681199,0.000415397,0.000316834,0.0070593,0.00023753,0.00258428,0.00236356,0.00164218,0.0107527,0.000465261,"RF",0.0105431,3.20904e-05,1,0,NA,9.28678e-05,1,0,NA,4.73709e-05,1,0,NA,0,0,0,0,0.000291036,0,NA,NA,0,0,0,0,0.000874126,0,NA,NA,0,0,0,0,0.0008726,0,NA,NA,NA,NA,0,0,NA,NA,NA,0,0,0,NA,0,NA,NA,NA,NA,NA,NA,NA,NA,NA,NA,NA,NA,NA,NA,NA,NA,NA,NA,NA,NA,NA,NA,NA,NA,NA,NA,NA,NA,NA,NA,NA,NA,NA,NA,0.104,0.022,0.00099,0.858,0.481,26.016,NA,NA,NA
"22-24086026-C-T","=HYPERLINK(""http://atavdb.org/variant/22-24086026-C-T"",""ATAV"")","snv","C","T","rs41277301","LOW","synonymous_variant","synonymous_variant","'ZNF70'","'ZNF70'","ZNF70|Cos17|MGC48959;LL22NC03-N27C7.1","ZNF70:1/1;LL22NC03-N27C7.1:1/NA","ENST00000341976","true","c.1302G>A","p.Leu434Leu",NA,NA,NA,NA,"synonymous_variant|ZNF70|ENST00000341976|c.1302G>A|p.Leu434Leu|NA|NA,upstream_gene_variant|LL22NC03-N27C7.1|ENST00000602816|n.-4550G>A|NA|NA|NA",32547,"GHART291b","exome","case","het","0","het","1|0","CH",59,50,35,24,0.40677965,0.0962632288807317,99,11.62,0.527,1.108,60,9,538,1.42,0,"PASS",0,2,1,0,0.6666667,0,0,0,NA,NA,0,0,3,0,100,1.4e-43,0.33333334,NA,2,0.33333334,1,1,0.25,0.0226221,"'57824/2646/46'",0.0065917,"'5090/68/0'",0.0148635,"'5617/166/3'",0.000115553,"'4326/1/0'",0.0127613,"'8021/204/3'",0.0105836,"'3237/70/0'",0.0329695,"'31104/2115/39'",0.0265487,"'429/22/1'",6.86,90.64,60706,"PASS",0.940327,0.0233826,5649,111,NA,0.0205705,2176,37,NA,0.022655,4539,87,NA,0.00645995,0.0167496,0.0645866,5.43656e-05,0.0117958,0.00910772,0.0336289,0.0430117,6.93289e-05,0.00697934,0.0162554,0.0659483,0.000110546,0.0121143,0.00925926,0.0326722,0.042665,0.000208855,0.00641342,0.0157705,0.0647552,0,0.0117989,0.00920392,0.0344774,0.042878,0,"PASS",0.970717,0.0207909,643,5,NA,0.015171,163,1,NA,0.0239372,501,4,NA,0.00837925,0.0330189,0.0551724,0.000641849,0.00920598,0.0306427,NA,NA,0.0097352,0.0243902,0.0263158,0.00109409,0.00946644,0.0209993,NA,NA,0.00887049,0.034296,0.0487805,0.000641849,0.00945017,0.0308968,NA,NA,0.00237,0.413,0,0,NA,NA,NA,0,0,0,NA,0,NA,NA,NA,NA,NA,NA,NA,NA,NA,NA,NA,NA,NA,20.700638,"N",42.568054,56.65,13.077525,43.733406,71.670784,"ZNF70:-:-_0",10.9863,28.2486,"ZNF70:E1:E1",0.126907,44.4305,"ZNF70:-:-_0",1.1710624,48.799,"ZNF70:1",-14.130508,0.638,"ZNF70:-:-_6",67.802185,-0.0543,0.006,0.0368403,NA,NA,NA,NA,NA,NA
"22-24087115-T-C","=HYPERLINK(""http://atavdb.org/variant/22-24087115-T-C"",""ATAV"")","snv","T","C","rs142663701","LOW","synonymous_variant","synonymous_variant","'ZNF70'","'ZNF70'","ZNF70|Cos17|MGC48959","ZNF70:1/1","ENST00000341976","true","c.213A>G","p.Ser71Ser",NA,NA,NA,NA,"synonymous_variant|ZNF70|ENST00000341976|c.213A>G|p.Ser71Ser|NA|NA",32547,"GHART291b","exome","case","het","het","0","0|1","CH",46,30,23,21,0.45652175,0.440197910640338,99,11.44,0.56,0,60,13,577,1.42,0,"PASS",0,2,1,0,0.6666667,0,0,0,NA,NA,0,0,3,0,100,1.4e-43,0.33333334,NA,2,0.33333334,1,1,0.25,0.00185332,"'60478/223/1'",0.000480862,"'5194/5/0'",0.000777336,"'5780/9/0'",0,"'4327/0/0'",0.000484496,"'8248/8/0'",0.00559419,"'3270/37/0'",0.00247228,"'33206/163/1'",0.00110132,"'453/1/0'",5.97,95.3,60706,"PASS",0.936284,0.00211534,530,1,NA,0.00224846,246,0,NA,0.00201791,420,0,NA,0.000307579,0.000809436,0.00297619,0,0.000326627,0.0065133,0.00268964,0.00337079,0,0.000139587,0.000701262,0.00387931,0,0.000382409,0.00724205,0.00271231,0.00442478,0,0.000308299,0.000851789,0.00289762,0,0.000326712,0.00681248,0.00264633,0.00442478,0,"PASS",0.970717,0.0022927,72,0,NA,0.00165472,18,0,NA,0.00216308,46,0,NA,0.000573789,0,0.00689655,0,0.00575705,0.00265682,NA,NA,0,0,0,0,0.00430293,0.00217391,NA,NA,0,0,0.00813008,0,0.00429553,0.00264278,NA,NA,0.00237,0.413,0,0,NA,NA,NA,0,0,0,NA,0,NA,NA,NA,NA,NA,NA,NA,NA,NA,NA,NA,NA,NA,20.700638,"N",42.568054,56.65,13.077525,43.733406,71.670784,"ZNF70:-:-_7",29.4617,31.4833,"ZNF70:E1:E1",0.126907,44.4305,"ZNF70:-:-_7",0.285946,36.907,"ZNF70:1",-14.130508,0.638,"ZNF70:-:-_124",88.74864,-1.35,0.051,0.00318782,NA,NA,NA,NA,NA,NA
"22-24452551-T-G","=HYPERLINK(""http://atavdb.org/variant/22-24452551-T-G"",""ATAV"")","snv","T","G","rs13058097","MODIFIER","intron_variant","intron_variant","'CABIN1'","'CABIN1'","KIAA0330|PPP3IN|CABIN1","CABIN1:6/15","ENST00000263119","true","c.1094-104T>G",NA,NA,NA,NA,NA,"intron_variant|CABIN1|ENST00000263119|c.1094-104T>G|NA|NA|NA,intron_variant|CABIN1|ENST00000398319|c.1094-104T>G|NA|NA|NA,intron_variant|CABIN1|ENST00000405822|c.944-104T>G|NA|NA|NA,intron_variant|CABIN1|ENST00000445422|c.959-104T>G|NA|NA|NA,intron_variant|CABIN1|ENST00000454754|c.959-104T>G|NA|NA|NA,intron_variant|CABIN1|ENST00000474981|n.93-104T>G|NA|NA|NA",32547,"GHART291b","exome","case","het","het","0","0|1","",29,30,17,12,0.41379312,0.229129159823061,99,11.61,0.42,0,60,11,326,-0.188,0,"PASS",0,2,1,0,0.6666667,0,0,0,NA,NA,0,0,3,0,100,1.4e-43,0.33333334,NA,2,0.33333334,1,1,0.25,0,NA,0,NA,0,NA,0,NA,0,NA,0,NA,0,NA,0,NA,NA,NA,NA,NA,NA,NA,NA,NA,NA,NA,NA,NA,NA,NA,NA,NA,NA,NA,NA,NA,NA,NA,NA,NA,NA,NA,NA,NA,NA,NA,NA,NA,NA,NA,NA,NA,NA,NA,NA,NA,NA,NA,NA,NA,"PASS",0.971961,0.0260158,789,14,NA,0.0377827,397,7,NA,0.0291102,599,10,NA,0.00332798,0.00943396,0.0206897,0.00385604,0.046893,0.0367418,NA,NA,0.0034965,0.00813008,0,0.00437637,0.0516351,0.0568841,NA,NA,0.00295159,0.00902527,0.0162602,0.00385604,0.0515464,0.0370724,NA,NA,3.28e-17,1.92,0,0,NA,NA,NA,0,0,0,NA,0,NA,NA,NA,NA,NA,NA,NA,NA,NA,NA,NA,NA,NA,15.953055,"N",47.440376,10.87,8.752484,38.384956,22.836763,NA,NA,NA,NA,NA,NA,NA,NA,NA,NA,NA,NA,NA,NA,-3.89,0.127,NA,NA,NA,NA,NA,NA,NA
"22-24472264-C-T","=HYPERLINK(""http://atavdb.org/variant/22-24472264-C-T"",""ATAV"")","snv","C","T","rs117758287","MODIFIER","intron_variant","intron_variant","'CABIN1'","'CABIN1'","KIAA0330|PPP3IN|CABIN1","CABIN1:3/15","ENST00000263119","true","c.2748+31C>T",NA,NA,NA,NA,NA,"intron_variant|CABIN1|ENST00000263119|c.2748+31C>T|NA|NA|NA,intron_variant|CABIN1|ENST00000398319|c.2748+31C>T|NA|NA|NA,intron_variant|CABIN1|ENST00000405822|c.2598+31C>T|NA|NA|NA",32547,"GHART291b","exome","case","het","het","0","0|1","",59,50,26,33,0.55932206,0.851202395857785,99,11.63,0.994,1.416,60,14,826,0.299,0,"PASS",0,2,1,0,0.6666667,0,0,0,NA,NA,0,0,3,0,100,1.4e-43,0.33333334,NA,2,0.33333334,1,1,0.25,0.00925053,"'59324/1092/13'",0.00174182,"'5149/18/0'",0.00356956,"'5702/41/0'",0.00985622,"'4228/83/1'",0.0129268,"'7994/200/6'",0.00501367,"'3258/33/0'",0.0108823,"'32547/712/6'",0.00554324,"'446/5/0'",5.95,42.32,60554,"PASS",0.940327,0.00909628,2242,19,NA,0.00929423,994,10,NA,0.00905568,1847,16,NA,0.00234394,0.00402828,0.00755768,0.00789245,0.0127441,0.00597997,0.0115191,0.0165289,0.0212153,0.00210202,0.00357352,0.00735931,0.00875055,0.0144501,0.00622282,0.0119059,0.0136382,0.0267857,0.00234945,0.00381103,0.00726744,0.00909905,0.0127474,0.00581884,0.0114968,0.0138889,0.0212264,"PASS",0.966529,0.00905035,284,0,NA,0.0114117,124,0,NA,0.0105422,224,0,NA,0.00206659,0.00589623,0,0.00384615,0.00605187,0.0143376,NA,NA,0.002331,0.00406504,0,0.00436681,0.0060241,0.018162,NA,NA,0.001772,0.00541516,0,0.00384615,0.00601375,0.014187,NA,NA,3.28e-17,1.92,0,0,NA,NA,NA,0,0,0,NA,0,NA,NA,NA,NA,NA,NA,NA,NA,NA,NA,NA,NA,NA,15.953055,"N",47.440376,10.87,8.752484,38.384956,22.836763,NA,NA,NA,NA,NA,NA,NA,NA,NA,NA,NA,NA,NA,NA,-1.77,0.088,NA,NA,NA,NA,NA,NA,NA
"22-24487779-G-GGCCATGGAGGCCCTGGAGGTGAC","=HYPERLINK(""http://atavdb.org/variant/22-24487779-G-GGCCATGGAGGCCCTGGAGGTGAC"",""ATAV"")","indel","G","GGCCATGGAGGCCCTGGAGGTGAC",NA,"LOW","splice_region_variant","splice_region_variant|intron_variant","'CABIN1'","'CABIN1'","KIAA0330|PPP3IN|CABIN1","CABIN1:4/15","ENST00000263119","true","c.3769_3786+5dupGCCATGGAGGCCCTGGAGGTGAC",NA,NA,"unknown",NA,"unknown","splice_region_variant|CABIN1|ENST00000263119|c.3769_3786+5dupGCCATGGAGGCCCTGGAGGTGAC|NA|NA|NA,splice_region_variant|CABIN1|ENST00000398319|c.3769_3786+5dupGCCATGGAGGCCCTGGAGGTGAC|NA|NA|NA,splice_region_variant|CABIN1|ENST00000405822|c.3619_3636+5dupGCCATGGAGGCCCTGGAGGTGAC|NA|NA|NA,intron_variant|CABIN1|ENST00000263119|c.3769_3786+5dupGCCATGGAGGCCCTGGAGGTGAC|NA|NA|NA,intron_variant|CABIN1|ENST00000398319|c.3769_3786+5dupGCCATGGAGGCCCTGGAGGTGAC|NA|NA|NA,intron_variant|CABIN1|ENST00000405822|c.3619_3636+5dupGCCATGGAGGCCCTGGAGGTGAC|NA|NA|NA,non_coding_transcript_exon_variant|CABIN1|ENST00000496016|n.370_392dupGCCATGGAGGCCCTGGAGGTGAC|NA|NA|NA",32547,"GHART291b","exome","case","het","0","0",".|.","denovo",15,10,6,5,0.33333334,0.5,99,NA,0.12,3.424,60,22,238,-1.626,0,"PASS",0,1,2,0,0.33333334,0,0,0,NA,NA,0,0,3,0,100,1.4e-43,0.16666667,NA,1,0.16666667,1,1,0,0,NA,0,NA,0,NA,0,NA,0,NA,0,NA,0,NA,0,NA,NA,83.41,59874,NA,NA,NA,NA,NA,NA,NA,NA,NA,NA,NA,NA,NA,NA,NA,NA,NA,NA,NA,NA,NA,NA,NA,NA,NA,NA,NA,NA,NA,NA,NA,NA,NA,NA,NA,NA,NA,NA,NA,NA,NA,NA,NA,NA,NA,NA,NA,NA,NA,NA,NA,NA,NA,NA,NA,NA,NA,NA,NA,NA,NA,NA,NA,NA,NA,NA,NA,NA,NA,NA,NA,NA,NA,NA,NA,NA,NA,NA,NA,3.28e-17,1.92,0,0,NA,NA,NA,0,0,0,NA,0,NA,NA,NA,NA,NA,NA,NA,NA,NA,NA,NA,NA,NA,15.953055,"N",47.440376,10.87,8.752484,38.384956,22.836763,"CABIN1:-:-_1",0.448497,42.8001,"CABIN1:E23:E23",79.8865,15.7454,"CABIN1:-:-_1",-34.14028,0.493,"CABIN1:23",-1.7674073,9.182,"CABIN1:-:-_489",94.94938,NA,NA,NA,NA,NA,NA,NA,NA,NA
"22-32110988-G-A","=HYPERLINK(""http://atavdb.org/variant/22-32110988-G-A"",""ATAV"")","snv","G","A","rs117343825","MODERATE","missense_variant","missense_variant","'PRR14L'","'PRR14L'","PRR14L|C22orf30|MGC50372","PRR14L:7/7","ENST00000327423","true","c.2837C>T","p.Pro946Leu",0.096,"benign",0.05,"benign","missense_variant|PRR14L|ENST00000327423|c.2837C>T|p.Pro946Leu|0.015|0.027,missense_variant|PRR14L|ENST00000397493|c.2837C>T|p.Pro946Leu|0.039|0.008,missense_variant|PRR14L|ENST00000434485|c.2837C>T|p.Pro946Leu|0.096|0.05,downstream_gene_variant|PRR14L|ENST00000461722|n.*1725C>T|NA|NA|NA,upstream_gene_variant|PRR14L|ENST00000330495|c.-2258C>T|NA|NA|NA,upstream_gene_variant|PRR14L|ENST00000431684|c.-1157C>T|NA|NA|NA,upstream_gene_variant|PRR14L|ENST00000492705|n.-2655C>T|NA|NA|NA",32547,"GHART291b","exome","case","het","0","het","1|0","",24,20,15,9,0.375,0.153728127479553,99,11.56,0.802,0,60,9,225,0.345,0,"PASS",0,2,1,0,0.6666667,0,0,0,NA,NA,0,0,3,0,100,1.4e-43,0.33333334,NA,2,0.33333334,1,1,0.25,0.0113194,"'11054/252/2'",0.00172712,"'1154/4/0'",0.00704225,"'210/3/0'",0,"'313/0/0'",0.00998483,"'3878/77/1'",0.00545455,"'816/9/0'",0.0166384,"'4562/155/1'",0.016,"'121/4/0'",4.36,12.79,10247,"PASS",0.883841,0.0107521,1671,15,NA,0.00991233,629,10,NA,0.0102493,1328,13,NA,0.00157423,0.00950032,0.0178153,9.16758e-05,0.00895758,0.00713528,0.0148635,0.0173162,0.000111582,0.0012945,0.00913353,0.0182186,0.000238322,0.00848644,0.00743787,0.0150806,0.027027,0.000465983,0.00158074,0.0079319,0.0174443,0.000119161,0.00895994,0.00761496,0.0147528,0.0217391,0.000240964,"PASS",0.971961,0.00968215,298,3,NA,0.0099356,104,2,NA,0.0110557,229,3,NA,0.00252583,0.00825472,0.00689655,0,0.0066168,0.0151672,NA,NA,0.00311284,0.0121951,0,0,0.00516351,0.015591,NA,NA,0.00325251,0.00722022,0.00406504,0,0.00515464,0.0149802,NA,NA,0.997,2.47,0,0,NA,NA,NA,0,0,0,NA,0,NA,NA,NA,NA,NA,NA,NA,NA,NA,NA,NA,NA,NA,99.62255,"N",68.935196,99.91,NA,48.01438,75.80247,NA,NA,NA,NA,NA,NA,NA,NA,NA,NA,NA,NA,"PRR14L:-:-_446",75.71223,1.61,0.016,0.0159098,0.835,0.396,14.405,0.057,0.279843,NA
"22-32113164-T-G","=HYPERLINK(""http://atavdb.org/variant/22-32113164-T-G"",""ATAV"")","snv","T","G","rs117519233","MODERATE","missense_variant","missense_variant","'PRR14L'","'PRR14L'","PRR14L|C22orf30|MGC50372","PRR14L:7/7","ENST00000327423","true","c.661A>C","p.Ser221Arg",0.987,"probably",0.831,"possibly","missense_variant|PRR14L|ENST00000327423|c.661A>C|p.Ser221Arg|0.852|0.533,missense_variant|PRR14L|ENST00000397493|c.661A>C|p.Ser221Arg|0.914|0.776,missense_variant|PRR14L|ENST00000434485|c.661A>C|p.Ser221Arg|0.987|0.831,non_coding_transcript_exon_variant|PRR14L|ENST00000461722|n.267A>C|NA|NA|NA,upstream_gene_variant|PRR14L|ENST00000330495|c.-4434A>C|NA|NA|NA,upstream_gene_variant|PRR14L|ENST00000431684|c.-3333A>C|NA|NA|NA,upstream_gene_variant|PRR14L|ENST00000492705|n.-4831A>C|NA|NA|NA",32547,"GHART291b","exome","case","het","0","het","1|0","",155,50,80,75,0.48387095,0.374055475989376,99,10.48,1.31,8.629,60,13,2084,-0.13,0,"PASS",0,2,1,0,0.6666667,0,0,0,NA,NA,0,0,3,0,100,1.4e-43,0.33333334,NA,2,0.33333334,1,1,0.25,0.0200961,"'10994/442/9'",0.0118544,"'1153/28/0'",0.14486,"'156/54/4'",0.0223642,"'299/14/0'",0.0168057,"'3826/129/2'",0.0059312,"'833/10/0'",0.0215132,"'4607/201/3'",0.0238095,"'120/6/0'",5.21,15.01,10417,"PASS",0.940327,0.0394772,5509,376,NA,0.0424472,2417,185,NA,0.0403851,4671,339,NA,0.0126567,0.158193,0.0282334,0.0253072,0.016071,0.00715878,0.0170567,0.0257576,0.0254464,0.0118438,0.156351,0.0269906,0.0238322,0.015923,0.00742618,0.0171236,0.0394737,0.0248447,0.0125878,0.166473,0.0272995,0.0249106,0.0160313,0.00764481,0.0168626,0.0283401,0.0254597,"PASS",0.971961,0.0195516,582,16,NA,0.0193934,197,7,NA,0.0198495,404,9,NA,0.0133089,0.149764,0.0172414,0.0282051,0.00690449,0.0171788,NA,NA,0.0159409,0.154472,0,0.029476,0.0060241,0.0161173,NA,NA,0.01329,0.138989,0.0121951,0.0282051,0.00601375,0.016745,NA,NA,0.997,2.47,0,0,NA,NA,NA,0,0,0,NA,0,NA,NA,NA,NA,NA,NA,NA,NA,NA,NA,NA,NA,NA,99.62255,"N",68.935196,99.91,NA,48.01438,75.80247,NA,NA,NA,NA,NA,NA,NA,NA,NA,NA,NA,NA,"PRR14L:-:-_677",8.29002,5.21,0.094,0.0189124,0.807,0.328,9.758,0.127,0.380632,NA
"22-32188622-A-C","=HYPERLINK(""http://atavdb.org/variant/22-32188622-A-C"",""ATAV"")","snv","A","C","rs147465188","MODIFIER","intron_variant","intron_variant","'DEPDC5'","'DEPDC5'","KIAA0645|DEP.5|DEPDC5","DEPDC5:12/22","ENST00000266091","true","c.695-109A>C",NA,NA,NA,NA,NA,"intron_variant|DEPDC5|ENST00000266091|c.695-109A>C|NA|NA|NA,intron_variant|DEPDC5|ENST00000382105|c.695-109A>C|NA|NA|NA,intron_variant|DEPDC5|ENST00000382111|c.695-109A>C|NA|NA|NA,intron_variant|DEPDC5|ENST00000382112|c.695-109A>C|NA|NA|NA,intron_variant|DEPDC5|ENST00000400242|c.695-109A>C|NA|NA|NA,intron_variant|DEPDC5|ENST00000400246|c.695-109A>C|NA|NA|NA,intron_variant|DEPDC5|ENST00000400248|c.695-109A>C|NA|NA|NA,intron_variant|DEPDC5|ENST00000400249|c.695-109A>C|NA|NA|NA,intron_variant|DEPDC5|ENST00000469974|n.354-109A>C|NA|NA|NA,intron_variant|DEPDC5|ENST00000535622|c.695-109A>C|NA|NA|NA,intron_variant|DEPDC5|ENST00000536766|c.611-109A>C|NA|NA|NA,upstream_gene_variant|DEPDC5|ENST00000473802|n.-51A>C|NA|NA|NA",32547,"GHART291b","exome","case","het","0","het","1|0","",17,20,12,5,0.29411766,0.0717315673828127,99,9.87,0.693,0,60,7,114,-1.7,0,"PASS",0,2,1,0,0.6666667,0,0,0,NA,NA,0,0,3,0,100,1.4e-43,0.33333334,NA,2,0.33333334,1,1,0.25,0,NA,0,NA,0,NA,0,NA,0,NA,0,NA,0,NA,0,NA,NA,NA,NA,NA,NA,NA,NA,NA,NA,NA,NA,NA,NA,NA,NA,NA,NA,NA,NA,NA,NA,NA,NA,NA,NA,NA,NA,NA,NA,NA,NA,NA,NA,NA,NA,NA,NA,NA,NA,NA,NA,NA,NA,NA,"PASS",0.970717,0.0156777,428,9,NA,0.0152452,135,4,NA,0.0161935,306,5,NA,0.0103937,0.124233,0.00746269,0.0210526,0.00389105,0.0150733,NA,NA,0.0123195,0.120253,0,0.0245536,0.00479616,0.0132576,NA,NA,0.0101781,0.113839,0.0042735,0.0210526,0.00478469,0.0145945,NA,NA,0.117,2.65,0,0,NA,NA,NA,0,0,0,NA,0,NA,NA,NA,102,3,36,51,2,"NM_001242896.3(DEPDC5):c.4673G>A (p.Trp1558Ter)",NA,"Epilepsy, familial focal, with variable foci 1, 604364 (3), Autosomal dominant","AD",NA,6.6230245,"N",26.09612,16.23,6.7285104,19.43031,7.3964334,NA,NA,NA,NA,NA,NA,NA,NA,NA,NA,NA,NA,NA,NA,1.09,0.033,NA,NA,NA,NA,NA,NA,NA
"22-32239739-G-A","=HYPERLINK(""http://atavdb.org/variant/22-32239739-G-A"",""ATAV"")","snv","G","A","rs118001924","LOW","synonymous_variant","synonymous_variant","'DEPDC5'","'DEPDC5'","KIAA0645|DEP.5|DEPDC5","DEPDC5:13/22","ENST00000266091","true","c.2742G>A","p.Glu914Glu",NA,NA,NA,NA,"synonymous_variant|DEPDC5|ENST00000266091|c.2742G>A|p.Glu914Glu|NA|NA,synonymous_variant|DEPDC5|ENST00000382105|c.2508G>A|p.Glu836Glu|NA|NA,synonymous_variant|DEPDC5|ENST00000382111|c.2742G>A|p.Glu914Glu|NA|NA,synonymous_variant|DEPDC5|ENST00000382112|c.2715G>A|p.Glu905Glu|NA|NA,synonymous_variant|DEPDC5|ENST00000400246|c.2742G>A|p.Glu914Glu|NA|NA,synonymous_variant|DEPDC5|ENST00000400248|c.2715G>A|p.Glu905Glu|NA|NA,synonymous_variant|DEPDC5|ENST00000400249|c.2715G>A|p.Glu905Glu|NA|NA,synonymous_variant|DEPDC5|ENST00000433147|c.933G>A|p.Glu311Glu|NA|NA,synonymous_variant|DEPDC5|ENST00000448753|c.798G>A|p.Glu266Glu|NA|NA,synonymous_variant|DEPDC5|ENST00000535622|c.2508G>A|p.Glu836Glu|NA|NA,downstream_gene_variant|DEPDC5|ENST00000471914|n.*91G>A|NA|NA|NA,downstream_gene_variant|DEPDC5|ENST00000490731|n.*94G>A|NA|NA|NA,upstream_gene_variant|DEPDC5|ENST00000494060|n.-3186G>A|NA|NA|NA",32547,"GHART291b","exome","case","het","0","het","1|0","",81,50,43,38,0.4691358,0.328496233793176,99,10.34,1.643,9.355,60,13,1055,0.885,0,"PASS",0,2,1,0,0.6666667,0,0,0,NA,NA,0,0,3,0,100,1.4e-43,0.33333334,NA,2,0.33333334,1,1,0.25,0.0114696,"'59004/1361/12'",0.00132626,"'4888/13/0'",0.00518493,"'5726/60/0'",0,"'4309/0/0'",0.0115082,"'8067/186/2'",0.00861808,"'3250/57/0'",0.0157931,"'32325/1034/10'",0.0122222,"'439/11/0'",4.91,77.05,59583,"PASS",0.940327,0.0119485,2928,27,NA,0.0112674,1190,17,NA,0.0117082,2367,24,NA,0.00167894,0.00773375,0.0253177,5.56297e-05,0.0121561,0.0088118,0.0157828,0.0289256,7.12962e-05,0.00126121,0.00791696,0.0288793,0.000115768,0.0124394,0.00886685,0.0157959,0.0428571,0.000217391,0.00168285,0.00673058,0.025951,7.69349e-05,0.0121592,0.00913023,0.0160454,0.0324074,0.000150466,"PASS",0.971961,0.0117962,364,3,NA,0.0136506,144,2,NA,0.013567,282,3,NA,0.00287092,0.00943396,0.0137931,0,0.00835253,0.0183093,NA,NA,0.00389408,0.0121951,0,0,0.00775862,0.0216679,NA,NA,0.0035482,0.00902527,0.0121951,0,0.00774527,0.018246,NA,NA,0.117,2.65,0,0,NA,NA,NA,0,0,0,2,1,"Benign",NA,"Seizures|Familial_focal_epilepsy_with_variable_foci|not_specified|not_provided",102,3,36,51,2,"NM_001242896.3(DEPDC5):c.4673G>A (p.Trp1558Ter)",NA,"Epilepsy, familial focal, with variable foci 1, 604364 (3), Autosomal dominant","AD",NA,6.6230245,"N",26.09612,16.23,6.7285104,19.43031,7.3964334,"DEPDC5:-:-_1",81.5669,33.5587,"DEPDC5:E28:E28",20.5756,6.5027,"DEPDC5:-:-_1",0.030369138,33.952,"DEPDC5:29",0.5840587,40.729,"DEPDC5:-:-_357",49.347366,2.71,0.236,0.0169335,NA,NA,NA,0.305,NA,NA
"22-36698665-G-A","=HYPERLINK(""http://atavdb.org/variant/22-36698665-G-A"",""ATAV"")","snv","G","A","rs113285582","LOW","synonymous_variant","synonymous_variant","'MYH9'","'MYH9'","DFNA17|NMMHCA|NMHC-II-A|MHA|FTNS|EPSTS|MYH9","MYH9:3/11","ENST00000216181","true","c.2448C>T","p.Cys816Cys",NA,NA,NA,NA,"synonymous_variant|MYH9|ENST00000216181|c.2448C>T|p.Cys816Cys|NA|NA,non_coding_transcript_exon_variant|MYH9|ENST00000473022|n.89C>T|NA|NA|NA,upstream_gene_variant|MYH9|ENST00000495928|n.-905C>T|NA|NA|NA",32547,"GHART291b","exome","case","het","0","het","1|0","CH",55,50,26,29,0.5272727,0.704973334111682,99,11.63,0.906,1.026,60,13,742,-0.328,0,"PASS",0,2,1,0,0.6666667,0,0,0,NA,NA,0,0,3,0,100,1.4e-43,0.33333334,NA,2,0.33333334,1,1,0.25,0.00125114,"'60194/151/0'",9.68054e-05,"'5164/1/0'",0.00199134,"'5752/23/0'",0,"'4321/0/0'",0.00302883,"'8204/50/0'",0.00015124,"'3305/1/0'",0.00110359,"'33001/73/0'",0.00333333,"'447/3/0'",5.49,79.58,60469,"PASS",0.940327,0.00130648,326,1,NA,0.00128958,139,1,NA,0.00141021,291,1,NA,6.15839e-05,0.00164807,0,0,0.00342958,4.63435e-05,0.00136624,0.00416667,0,0,0.00175316,0,0,0.00344168,0,0.00121586,0.00294985,0,6.17284e-05,0.00153987,0,0,0.00343048,6.00096e-05,0.00146683,0.0046729,0,"PASS",0.970717,0.00105089,33,0,NA,0.00137893,15,0,NA,0.00126975,27,0,NA,0.000229516,0.00235849,0,0,0,0.00181488,NA,NA,0.0003885,0.00813008,0,0,0,0.0021747,NA,NA,0.000295159,0.00361011,0,0,0,0.00176237,NA,NA,1,3.47,0,1,NA,NA,NA,0,0,0,2,1,"Benign/Likely_benign",NA,"Autosomal_dominant_nonsyndromic_hearing_loss_17|MYH9-related_disorder|not_specified|not_provided",10,0,0,1,30,"NM_002473.6(MYH9):c.5822del (p.Asp1941fs)",NA,"Macrothrombocytopenia and granulocyte inclusions with or without nephritis or sensorineural hearing loss, 155100 (3), Autosomal dominant; Deafness, autosomal dominant 17, 603622 (3), Autosomal dominant","AD",NA,1.7456948,"N",11.95495,1.08,0.5541835,9.148231,0.64746225,"MYH9:-:-_1",0.361531,26.9436,"MYH9:E19:E19",25.1868,38.8699,"MYH9:-:-_1",-44.099247,0.241,"MYH9:22",-2.1194658,7.587,"MYH9:-:-_410",33.720104,-0.156,0.082,0.00134574,NA,NA,NA,NA,NA,NA
"22-36715485-A-G","=HYPERLINK(""http://atavdb.org/variant/22-36715485-A-G"",""ATAV"")","snv","A","G",NA,"MODIFIER","downstream_gene_variant","intron_variant|upstream_gene_variant","'MYH9'","'MYH9'","DFNA17|NMMHCA|NMHC-II-A|MHA|FTNS|EPSTS|MYH9;RN7SL349P","MYH9:4/11;RN7SL349P:1/1","ENST00000463027","true","n.*834T>C",NA,NA,NA,NA,NA,"downstream_gene_variant|MYH9|ENST00000463027|n.*834T>C|NA|NA|NA,downstream_gene_variant|MYH9|ENST00000472210|n.*801T>C|NA|NA|NA,intron_variant|MYH9|ENST00000216181|c.1108+100T>C|NA|NA|NA,intron_variant|MYH9|ENST00000477189|n.296+100T>C|NA|NA|NA,upstream_gene_variant|RN7SL349P|ENST00000582364|n.-3239T>C|NA|NA|NA",32547,"GHART291b","exome","case","het","het","0","0|1","CH",36,30,16,20,0.5555556,0.797483876929618,99,9.95,0.297,0,60,18,663,-0.882,0,"PASS",0,2,1,0,0.6666667,0,0,0,NA,NA,0,0,3,0,100,1.4e-43,0.33333334,NA,2,0.33333334,1,1,0.25,0,NA,0,NA,0,NA,0,NA,0,NA,0,NA,0,NA,0,NA,NA,NA,NA,NA,NA,NA,NA,NA,NA,NA,NA,NA,NA,NA,NA,NA,NA,NA,NA,NA,NA,NA,NA,NA,NA,NA,NA,NA,NA,NA,NA,NA,NA,NA,NA,NA,NA,NA,NA,NA,NA,NA,NA,NA,NA,NA,NA,NA,NA,NA,NA,NA,NA,NA,NA,NA,NA,NA,NA,NA,NA,NA,NA,NA,NA,NA,NA,NA,NA,NA,NA,NA,NA,NA,NA,NA,NA,NA,NA,NA,NA,NA,1,3.47,0,0,NA,NA,NA,0,0,0,NA,0,NA,NA,NA,10,0,0,1,30,"NM_002473.6(MYH9):c.5822del (p.Asp1941fs)",NA,"Macrothrombocytopenia and granulocyte inclusions with or without nephritis or sensorineural hearing loss, 155100 (3), Autosomal dominant; Deafness, autosomal dominant 17, 603622 (3), Autosomal dominant","AD",NA,1.7456948,"N",11.95495,1.08,0.5541835,9.148231,0.64746225,NA,NA,NA,NA,NA,NA,NA,NA,NA,NA,NA,NA,NA,NA,-1.74,0.07,NA,NA,NA,NA,NA,NA,NA
"22-42562615-CA-C","=HYPERLINK(""http://atavdb.org/variant/22-42562615-CA-C"",""ATAV"")","indel","CA","C",NA,"MODIFIER","intron_variant","intron_variant","'TCF20'","'TCF20'","TCF20|AR1|SPBP","TCF20:3/4","ENST00000335626","true","c.5799+3237delT",NA,NA,NA,NA,NA,"intron_variant|TCF20|ENST00000335626|c.5799+3237delT|NA|NA|NA,intron_variant|TCF20|ENST00000359486|c.*44+1999delT|NA|NA|NA,intron_variant|TCF20|ENST00000404876|c.*44+1999delT|NA|NA|NA",32547,"GHART291b","exome","case","het","0","0",".|.","denovo",55,50,18,8,0.14545454,0.0377593487501143,62,NA,2.765,8.232,59,1,25,-1.475,0.75,"FAIL",0,1,2,0,0.33333334,0,0,0,NA,NA,0,0,3,0,100,1.4e-43,0.16666667,NA,1,0.16666667,1,1,0,0,NA,0,NA,0,NA,0,NA,0,NA,0,NA,0,NA,0,NA,NA,NA,NA,NA,NA,NA,NA,NA,NA,NA,NA,NA,NA,NA,NA,NA,NA,NA,NA,NA,NA,NA,NA,NA,NA,NA,NA,NA,NA,NA,NA,NA,NA,NA,NA,NA,NA,NA,NA,NA,NA,NA,NA,NA,"PASS",0.59869,0.011236,116,0,NA,0.0158339,45,0,NA,0.00744308,51,0,NA,0.00212264,0.0458716,0.0113636,0.00536193,0.0903226,0.0114865,NA,NA,0.00170648,0.136364,0,0.00655022,0.0595238,0.0258964,NA,NA,0.00181818,0.0352941,0,0.00536193,0.0595238,0.00741309,NA,NA,1,0.0895,0,0,NA,NA,NA,0,0,0,NA,0,NA,NA,NA,36,3,0,12,1,"NM_001378418.1(TCF20):c.5719del (p.Arg1907fs)","Sufficient evidence","Developmental delay with variable intellectual impairment and behavioral abnormalities, 618430 (3), Autosomal dominant","AD",NA,0.8492569,"N",31.48639,44.98,0.34937653,36.222343,82.3155,NA,NA,NA,NA,NA,NA,NA,NA,NA,NA,NA,NA,NA,NA,NA,NA,NA,NA,NA,NA,NA,NA,NA
"22-42575523-G-A","=HYPERLINK(""http://atavdb.org/variant/22-42575523-G-A"",""ATAV"")","snv","G","A",NA,"MODIFIER","intron_variant","intron_variant","'TCF20'","'TCF20'","TCF20|AR1|SPBP","TCF20:3/4","ENST00000335626","true","c.5749+92C>T",NA,NA,NA,NA,NA,"intron_variant|TCF20|ENST00000335626|c.5749+92C>T|NA|NA|NA,intron_variant|TCF20|ENST00000359486|c.5749+92C>T|NA|NA|NA,intron_variant|TCF20|ENST00000404876|c.652+92C>T|NA|NA|NA",32547,"GHART291b","exome","case","het","0","het","1|0","",25,20,15,8,0.32,0.105019807815552,62,-1.761,0.892,0,59,1,34,0.032,-1.914,"INTERMEDIATE",0,2,1,0,0.6666667,0,0,0,NA,NA,0,0,3,0,100,1.4e-43,0.33333334,NA,2,0.33333334,1,1,0.25,0,NA,0,NA,0,NA,0,NA,0,NA,0,NA,0,NA,0,NA,NA,NA,NA,NA,NA,NA,NA,NA,NA,NA,NA,NA,NA,NA,NA,NA,NA,NA,NA,NA,NA,NA,NA,NA,NA,NA,NA,NA,NA,NA,NA,NA,NA,NA,NA,NA,NA,NA,NA,NA,NA,NA,NA,NA,"RF",0.0105567,0.0163666,400,0,NA,0.0188379,142,0,NA,0.00842499,144,0,NA,0.00160085,0.0318352,0.0685484,0.00069735,0.00786838,0.0245223,NA,NA,0.00280374,0.00877193,0.346154,0,0.0083682,0.031267,NA,NA,0.00206327,0.00255102,0.0416667,0.00069735,0.00833333,0.0104354,NA,NA,1,0.0895,0,0,NA,NA,NA,0,0,0,NA,0,NA,NA,NA,36,3,0,12,1,"NM_001378418.1(TCF20):c.5719del (p.Arg1907fs)","Sufficient evidence","Developmental delay with variable intellectual impairment and behavioral abnormalities, 618430 (3), Autosomal dominant","AD",NA,0.8492569,"N",31.48639,44.98,0.34937653,36.222343,82.3155,NA,NA,NA,NA,NA,NA,NA,NA,NA,NA,NA,NA,NA,NA,-6.24,0,NA,NA,NA,NA,NA,NA,NA
"22-50537901-C-T","=HYPERLINK(""http://atavdb.org/variant/22-50537901-C-T"",""ATAV"")","snv","C","T","rs12169319","LOW","5_prime_UTR_premature_start_codon_gain_variant","synonymous_variant","'MOV10L1'","'MOV10L1'","DJ402G11.8|DKFZp434B0717|CHAMP|MOV10L1","MOV10L1:8/10","ENST00000395843","true","c.-2395C>T",NA,NA,NA,NA,NA,"5_prime_UTR_premature_start_codon_gain_variant|MOV10L1|ENST00000395843|c.-2395C>T|NA|NA|NA,synonymous_variant|MOV10L1|ENST00000262794|c.312C>T|p.Asp104Asp|NA|NA,synonymous_variant|MOV10L1|ENST00000395858|c.312C>T|p.Asp104Asp|NA|NA,synonymous_variant|MOV10L1|ENST00000540615|c.252C>T|p.Asp84Asp|NA|NA,synonymous_variant|MOV10L1|ENST00000545383|c.312C>T|p.Asp104Asp|NA|NA,3_prime_UTR_variant|MOV10L1|ENST00000395854|c.*468C>T|NA|NA|NA,3_prime_UTR_variant|MOV10L1|ENST00000419054|c.*1418C>T|NA|NA|NA,5_prime_UTR_variant|MOV10L1|ENST00000395843|c.-2395C>T|NA|NA|NA,non_coding_transcript_exon_variant|MOV10L1|ENST00000475190|n.357C>T|NA|NA|NA",32547,"GHART291b","exome","case","het","het","0","0|1","CH",94,50,49,45,0.4787234,0.378594537071197,99,12.15,0.725,0,60,11,1072,-0.399,0,"PASS",0,2,1,0,0.6666667,0,0,0,NA,NA,0,0,3,0,100,1.4e-43,0.33333334,NA,2,0.33333334,1,1,0.25,0.0307649,"'56744/3520/97'",0.0844243,"'4356/799/39'",0.0226244,"'5490/252/4'",0.000813386,"'4296/7/0'",0.00978833,"'8016/154/3'",0.0362891,"'3060/227/6'",0.0323343,"'31098/2057/45'",0.0265487,"'428/24/0'",6.82,46.73,60657,"PASS",0.940327,0.0307774,7340,197,NA,0.0275863,2881,68,NA,0.0309228,6090,171,NA,0.0859692,0.0262686,0.080799,0.000271946,0.010817,0.0316543,0.0293357,0.0507663,0.00657895,0.0840547,0.0249152,0.0802416,0.00022119,0.0112854,0.0288275,0.0276206,0.0487805,0.00877193,0.0861091,0.0246574,0.0811029,0.000372856,0.0108198,0.0310819,0.0302018,0.0511111,0.00666667,"PASS",0.971961,0.0435337,1252,57,NA,0.0403715,403,18,NA,0.0363799,719,27,NA,0.0860722,0.0212264,0.0827586,0,0.035118,0.0268552,NA,NA,0.0903427,0.0121951,0.131579,0,0.0309811,0.0262681,NA,NA,0.0913661,0.0162455,0.0772358,0,0.0309278,0.0271899,NA,NA,1.05e-17,1.18,0,0,NA,NA,NA,0,0,0,NA,0,NA,NA,NA,NA,NA,NA,NA,NA,NA,NA,NA,NA,NA,14.838406,"N",37.6596,41.05,4.5117764,57.881638,47.906723,"MOV10L1:-:-_0",6.03918,70.0029,"MOV10L1:E3:E3",20.9025,55.6257,"MOV10L1:-:-_0",0.08550908,34.584,"MOV10L1:4",-0.08886648,26.375,"MOV10L1:-:-_37",49.347366,-4.25,0.017,0.0309326,NA,NA,NA,NA,NA,NA
"22-50558946-A-G","=HYPERLINK(""http://atavdb.org/variant/22-50558946-A-G"",""ATAV"")","snv","A","G","rs71316583","LOW","synonymous_variant","synonymous_variant","'MOV10L1'","'MOV10L1'","DJ402G11.8|DKFZp434B0717|CHAMP|MOV10L1","MOV10L1:6/10","ENST00000262794","true","c.1470A>G","p.Gln490Gln",NA,NA,NA,NA,"synonymous_variant|MOV10L1|ENST00000262794|c.1470A>G|p.Gln490Gln|NA|NA,synonymous_variant|MOV10L1|ENST00000395858|c.1470A>G|p.Gln490Gln|NA|NA,synonymous_variant|MOV10L1|ENST00000540615|c.1410A>G|p.Gln470Gln|NA|NA,synonymous_variant|MOV10L1|ENST00000545383|c.1470A>G|p.Gln490Gln|NA|NA,5_prime_UTR_variant|MOV10L1|ENST00000395843|c.-1237A>G|NA|NA|NA,intron_variant|MOV10L1|ENST00000434497|c.491+3166A>G|NA|NA|NA",32547,"GHART291b","exome","case","het","0","het","1|0","CH",156,50,86,69,0.44230768,0.0992918026540279,99,11.79,0.509,2.179,60,12,1923,-0.286,0,"PASS",0,2,1,0,0.6666667,0,0,0,NA,NA,0,0,3,0,100,1.4e-43,0.33333334,NA,2,0.33333334,1,1,0.25,0.0471099,"'55109/5278/216'",0.0115407,"'5081/116/2'",0.0241016,"'5514/269/5'",0.000925069,"'4316/8/0'",0.0244542,"'7809/379/11'",0.0344723,"'3085/216/6'",0.0692857,"'28903/4241/189'",0.0607064,"'401/49/3'",4.46,87.97,60706,"PASS",0.940327,0.0473576,10888,448,NA,0.042234,4234,172,NA,0.0452348,8605,348,NA,0.0103525,0.0263485,0.163838,0.000218484,0.024332,0.0351794,0.0636436,0.0867769,0.000788229,0.0103323,0.0261199,0.168544,0.000221386,0.0231554,0.0356236,0.0635605,0.114286,0.00106383,0.010315,0.025394,0.164131,0.00029882,0.0243385,0.0355221,0.0642412,0.0840708,0.000788644,"PASS",0.971961,0.04194,1233,42,NA,0.0431225,445,12,NA,0.04873,962,37,NA,0.0107848,0.0378251,0.165517,0.000641026,0.0302071,0.063845,NA,NA,0.011655,0.0365854,0.157895,0,0.0275387,0.0670533,NA,NA,0.0103306,0.0362319,0.166667,0.000641026,0.0274914,0.0640329,NA,NA,1.05e-17,1.18,0,0,NA,NA,NA,0,0,0,NA,0,NA,NA,NA,NA,NA,NA,NA,NA,NA,NA,NA,NA,NA,14.838406,"N",37.6596,41.05,4.5117764,57.881638,47.906723,"MOV10L1:-:-_0",6.03918,70.0029,"MOV10L1:E10:E10",16.6739,79.7204,"MOV10L1:-:-_0",0.08550908,34.584,"MOV10L1:11",0.38879925,36.079,"MOV10L1:-:-_192",19.99527,-6,0.137,0.0652784,NA,NA,NA,NA,NA,NA
"22-50582630-G-A","=HYPERLINK(""http://atavdb.org/variant/22-50582630-G-A"",""ATAV"")","snv","G","A","rs11704548","LOW","synonymous_variant","synonymous_variant","'MOV10L1'","'MOV10L1'","DJ402G11.8|DKFZp434B0717|CHAMP|MOV10L1","MOV10L1:7/10","ENST00000262794","true","c.2463G>A","p.Pro821Pro",NA,NA,NA,NA,"synonymous_variant|MOV10L1|ENST00000262794|c.2463G>A|p.Pro821Pro|NA|NA,synonymous_variant|MOV10L1|ENST00000395858|c.2463G>A|p.Pro821Pro|NA|NA,synonymous_variant|MOV10L1|ENST00000540615|c.2403G>A|p.Pro801Pro|NA|NA,synonymous_variant|MOV10L1|ENST00000545383|c.2463G>A|p.Pro821Pro|NA|NA,5_prime_UTR_variant|MOV10L1|ENST00000395843|c.-244G>A|NA|NA|NA,downstream_gene_variant|MOV10L1|ENST00000434497|c.*18803G>A|NA|NA|NA,upstream_gene_variant|MOV10L1|ENST00000395852|c.-2941G>A|NA|NA|NA",32547,"GHART291b","exome","case","het","0","het","1|0","CH",63,50,28,34,0.53968257,0.812924143797602,99,4.71,0.057,17.141,60,21,1303,0.109,0,"LIKELY",0,2,1,0,0.6666667,0,0,0,NA,NA,0,0,3,0,100,1.4e-43,0.33333334,NA,2,0.33333334,1,1,0.25,0.0497048,"'54824/5581/223'",0.0107692,"'5090/108/2'",0.0260066,"'5491/291/5'",0,"'4326/0/0'",0.0311816,"'7726/487/13'",0.0355307,"'3077/225/5'",0.0721144,"'28716/4419/194'",0.0651214,"'398/51/4'",4.67,80.26,60694,"PASS",0.940327,0.0496025,11536,459,NA,0.0449231,4523,190,NA,0.047823,9210,364,NA,0.00978221,0.0282326,0.154251,0.000163132,0.0302902,0.0356242,0.0672879,0.08461,0.000262055,0.0100531,0.0280636,0.160776,0.000110571,0.0292092,0.0360018,0.0678735,0.114286,0.000529661,0.00974346,0.0274718,0.1548,0.00022368,0.0302981,0.0359263,0.0681823,0.0884956,0.000438725,"PASS",0.971961,0.0434741,1279,43,NA,0.044142,456,12,NA,0.0505269,996,39,NA,0.010897,0.0424528,0.138889,0,0.0310881,0.0669087,NA,NA,0.011655,0.0365854,0.157895,0,0.0292599,0.0687092,NA,NA,0.0109209,0.0379061,0.139344,0,0.0292096,0.0669899,NA,NA,1.05e-17,1.18,0,0,NA,NA,NA,0,0,0,NA,0,NA,NA,NA,NA,NA,NA,NA,NA,NA,NA,NA,NA,NA,14.838406,"N",37.6596,41.05,4.5117764,57.881638,47.906723,"MOV10L1:257919:257919_0",33.5044,42.1491,"MOV10L1:E18:E18",60.8679,65.115,"MOV10L1:257919:257919_0",-2.4744427,15.281,"MOV10L1:19",0.81113255,46.603,"MOV10L1:-:-_337",61.768776,-11,0.071,0.066117,NA,NA,NA,NA,NA,NA
"22-50942955-GC-G","=HYPERLINK(""http://atavdb.org/variant/22-50942955-GC-G"",""ATAV"")","indel","GC","G","rs199861800","MODIFIER","downstream_gene_variant","intron_variant|upstream_gene_variant","'LMF2'","'LMF2'","TMEM153|TMEM112B|LMF2;NCAPH2|384D8-2|hCAP-H2|CAP-H2","LMF2:7/6;NCAPH2:7/10","ENST00000505981","true","n.*1169delG",NA,NA,NA,NA,NA,"downstream_gene_variant|LMF2|ENST00000505981|n.*1169delG|NA|NA|NA,downstream_gene_variant|LMF2|ENST00000507607|n.*1869delG|NA|NA|NA,downstream_gene_variant|LMF2|ENST00000514938|n.*307delG|NA|NA|NA,intron_variant|LMF2|ENST00000216080|c.1531+32delG|NA|NA|NA,intron_variant|LMF2|ENST00000380796|c.1267+32delG|NA|NA|NA,intron_variant|LMF2|ENST00000474879|c.1606+32delG|NA|NA|NA,non_coding_transcript_exon_variant|LMF2|ENST00000504717|n.510delG|NA|NA|NA,upstream_gene_variant|NCAPH2|ENST00000299821|c.-3811delC|NA|NA|NA,upstream_gene_variant|NCAPH2|ENST00000395698|c.-3811delC|NA|NA|NA,upstream_gene_variant|NCAPH2|ENST00000395701|c.-3811delC|NA|NA|NA,upstream_gene_variant|NCAPH2|ENST00000418794|c.-3811delC|NA|NA|NA,upstream_gene_variant|NCAPH2|ENST00000420993|c.-3811delC|NA|NA|NA,upstream_gene_variant|NCAPH2|ENST00000518394|c.-3811delC|NA|NA|NA,upstream_gene_variant|NCAPH2|ENST00000523045|c.-3811delC|NA|NA|NA",32547,"GHART291b","exome","case","hom","het","het","1|1","hom",27,30,0,26,0.962963,1,78,NA,1.22,0,60,34,872,NA,NA,"PASS",1,2,0,0.33333334,0.6666667,0,0,0,NA,NA,0,0,3,0,100,1.4e-43,0.6666667,NA,4,0.6666667,1,1,0.5,0.0325956,"'11632/776/17'",0.0034188,"'1162/8/0'",0.0186846,"'644/25/0'",0.00969163,"'1113/22/0'",0.0457516,"'2789/262/9'",0.00613497,"'161/2/0'",0.0373451,"'5682/442/8'",0.078125,"'81/15/0'",3.34,8.15,18442,"PASS",0.750643,0.0316041,3369,67,NA,0.0287839,1216,23,NA,0.0322129,2792,54,NA,0.00471995,0.0241075,0.0682428,0.0111204,0.0444923,0.00950848,0.0338529,0.0406532,0.0243742,0.00539568,0.0218345,0.0752119,0.0129438,0.0408542,0.0080825,0.0345188,0.047619,0.0236842,0.0047259,0.0219381,0.0683323,0.0168767,0.0444974,0.00927388,0.036058,0.0652174,0.0243742,"PASS",0.677674,0.0240221,463,8,NA,0.0241826,134,4,NA,0.0280916,362,8,NA,0.0055788,0.0393013,0.0980392,0.00367647,0.0191489,0.0350929,NA,NA,0.00615006,0.0375,0.09375,0.00125628,0.0175439,0.0419139,NA,NA,0.0058296,0.0352564,0.10625,0.00367647,0.0174672,0.0366627,NA,NA,0,-2.52,0,0,NA,NA,NA,0,0,0,NA,0,NA,NA,NA,NA,NA,NA,NA,NA,NA,NA,NA,NA,NA,5.0011797,"N",58.46784,99.6,56.870068,NA,NA,NA,NA,NA,NA,NA,NA,NA,NA,NA,NA,NA,NA,NA,NA,NA,NA,NA,NA,NA,NA,NA,NA,NA
"22-50945933-G-T","=HYPERLINK(""http://atavdb.org/variant/22-50945933-G-T"",""ATAV"")","snv","G","T","rs41282345","MODIFIER","intron_variant","intron_variant|upstream_gene_variant","'LMF2'","'LMF2'","TMEM153|TMEM112B|LMF2;NCAPH2|384D8-2|hCAP-H2|CAP-H2","LMF2:7/6;NCAPH2:7/10","ENST00000216080","true","c.-67+78C>A",NA,NA,NA,NA,NA,"intron_variant|LMF2|ENST00000216080|c.-67+78C>A|NA|NA|NA,intron_variant|LMF2|ENST00000380796|c.94+78C>A|NA|NA|NA,intron_variant|LMF2|ENST00000474879|c.94+78C>A|NA|NA|NA,upstream_gene_variant|NCAPH2|ENST00000299821|c.-834G>T|NA|NA|NA,upstream_gene_variant|NCAPH2|ENST00000395698|c.-834G>T|NA|NA|NA,upstream_gene_variant|NCAPH2|ENST00000395701|c.-834G>T|NA|NA|NA,upstream_gene_variant|NCAPH2|ENST00000418794|c.-834G>T|NA|NA|NA,upstream_gene_variant|NCAPH2|ENST00000420993|c.-834G>T|NA|NA|NA,upstream_gene_variant|LMF2|ENST00000504717|n.-2247C>A|NA|NA|NA,upstream_gene_variant|LMF2|ENST00000505981|n.-338C>A|NA|NA|NA,upstream_gene_variant|LMF2|ENST00000507607|n.-254C>A|NA|NA|NA,upstream_gene_variant|LMF2|ENST00000514938|n.-1284C>A|NA|NA|NA,upstream_gene_variant|NCAPH2|ENST00000518394|c.-834G>T|NA|NA|NA,upstream_gene_variant|NCAPH2|ENST00000523045|c.-834G>T|NA|NA|NA",32547,"GHART291b","exome","case","hom","het","het","1|1","hom",15,10,0,15,1,1,45,13.06,5.549,0,60,34,503,NA,NA,"PASS",1,2,0,0.33333334,0.6666667,0,0,0,NA,NA,0,0,3,0,100,1.4e-43,0.6666667,NA,4,0.6666667,1,1,0.5,0,NA,0,NA,0,NA,0,NA,0,NA,0,NA,0,NA,0,NA,NA,NA,NA,NA,NA,NA,NA,NA,NA,NA,NA,NA,NA,NA,NA,NA,NA,NA,NA,NA,NA,NA,NA,NA,NA,NA,NA,NA,NA,NA,NA,NA,NA,NA,NA,NA,NA,NA,NA,NA,NA,NA,NA,NA,"PASS",0.971961,0.0177581,537,10,NA,0.0173176,180,4,NA,0.020904,424,10,NA,0.0042519,0.0235849,0.0763889,0,0.0100748,0.0269306,NA,NA,0.00505837,0.0121951,0.0833333,0,0.00860585,0.0272628,NA,NA,0.00443262,0.0216606,0.0778689,0,0.00859107,0.0272019,NA,NA,0,-2.52,0,0,NA,NA,NA,0,0,0,NA,0,NA,NA,NA,NA,NA,NA,NA,NA,NA,NA,NA,NA,NA,5.0011797,"N",58.46784,99.6,56.870068,NA,NA,NA,NA,NA,NA,NA,NA,NA,NA,NA,NA,NA,NA,NA,NA,1.5,0.114,NA,NA,NA,NA,NA,NA,NA
